Workbook

Sheet Consolidated KPI
A1: Game | B1: =DATE(2026,1,4) -> 46026 | C1: =B1+7 -> 46033 | D1: =C1+7 -> 46040 | E1: =D1+7 -> 46047 | F1: =E1+7 -> 46054 | G1: =F1+7 -> 46061 | H1: =G1+7 -> 46068 | I1: =H1+7 -> 46075 | J1: =I1+7 -> 46082 | ... BA1: =AZ1+7 -> 46383
A2: Taival - Wishlists | B2: ='KPI by Quarter'!B3 -> 4 | C2: ='KPI by Quarter'!C3 -> 2 | D2: ='KPI by Quarter'!D3 -> 16 | E2: ='KPI by Quarter'!E3 -> 0 | F2: ='KPI by Quarter'!F3 -> -2 | G2: ='KPI by Quarter'!G3 -> -6 | H2: ='KPI by Quarter'!H3 -> 4 | I2: ='KPI by Quarter'!I3 -> 26 | ... N2: ='KPI by Quarter'!N3 -> 27 | O2: ='KPI by Quarter'!B20 -> 249 | P2: ='KPI by Quarter'!C20 -> 363 | Q2: ='KPI by Quarter'!D20 -> 668 | R2: ='KPI by Quarter'!E20 -> 3186 | S2: ='KPI by Quarter'!F20 -> 827 | T2: ='KPI by Quarter'!G20 -> 0 | U2: ='KPI by Quarter'!H20 -> 0 | V2: ='KPI by Quarter'!I20 -> 0 | ... AA2: ='KPI by Quarter'!N20 -> 0 | AB2: ='KPI by Quarter'!B37 -> 0 | AC2: ='KPI by Quarter'!C37 -> 0 | AD2: ='KPI by Quarter'!D37 -> 0 | AE2: ='KPI by Quarter'!E37 -> 0 | AF2: ='KPI by Quarter'!F37 -> 0 | AG2: ='KPI by Quarter'!G37 -> 0 | AH2: ='KPI by Quarter'!H37 -> 0 | AI2: ='KPI by Quarter'!I37 -> 0 | ... AN2: ='KPI by Quarter'!N37 -> 0 | AO2: ='KPI by Quarter'!B54 -> 0 | AP2: ='KPI by Quarter'!C54 -> 0 | AQ2: ='KPI by Quarter'!D54 -> 0 | AR2: ='KPI by Quarter'!E54 -> 0 | AS2: ='KPI by Quarter'!F54 -> 0 | AT2: ='KPI by Quarter'!G54 -> 0 | AU2: ='KPI by Quarter'!H54 -> 0 | AV2: ='KPI by Quarter'!I54 -> 0 | ... BA2: ='KPI by Quarter'!N54 -> 0
A3: Taival - Impressions | B3: ='KPI by Quarter'!B4 -> 5095 | C3: ='KPI by Quarter'!C4 -> 6399 | D3: ='KPI by Quarter'!D4 -> 5490 | E3: ='KPI by Quarter'!E4 -> 5392 | F3: ='KPI by Quarter'!F4 -> 5225 | G3: ='KPI by Quarter'!G4 -> 4806 | H3: ='KPI by Quarter'!H4 -> 4560 | I3: ='KPI by Quarter'!I4 -> 4282 | ... N3: ='KPI by Quarter'!N4 -> 3196 | O3: ='KPI by Quarter'!B21 -> 3697 | P3: ='KPI by Quarter'!C21 -> 4970 | Q3: ='KPI by Quarter'!D21 -> 14388 | R3: ='KPI by Quarter'!E21 -> 16730 | S3: ='KPI by Quarter'!F21 -> 14879 | T3: ='KPI by Quarter'!G21 -> 0 | U3: ='KPI by Quarter'!H21 -> 0 | V3: ='KPI by Quarter'!I21 -> 0 | ... AA3: ='KPI by Quarter'!N21 -> 0 | AB3: 0 | AC3: 0 | AD3: 0 | AE3: 0 | AF3: 0 | AG3: 0 | AH3: 0 | AI3: 0 | AJ3: 0 | AK3: 0 | AL3: 0 | AM3: 0 | AN3: 0 | AO3: 0 | AP3: 0 | AQ3: 0 | AR3: 0 | AS3: 0 | AT3: 0 | AU3: 0 | AV3: 0 | AW3: 0 | AX3: 0 | AY3: 0 | AZ3: 0 | BA3: 0
A4: Taival - Visits | B4: ='KPI by Quarter'!B5 -> 1107 | C4: ='KPI by Quarter'!C5 -> 2049 | D4: ='KPI by Quarter'!D5 -> 1631 | E4: ='KPI by Quarter'!E5 -> 889 | F4: ='KPI by Quarter'!F5 -> 726 | G4: ='KPI by Quarter'!G5 -> 705 | H4: ='KPI by Quarter'!H5 -> 769 | I4: ='KPI by Quarter'!I5 -> 704 | ... N4: ='KPI by Quarter'!N5 -> 595 | O4: ='KPI by Quarter'!B22 -> 1276 | P4: ='KPI by Quarter'!C22 -> 2020 | Q4: ='KPI by Quarter'!D22 -> 2147 | R4: ='KPI by Quarter'!E22 -> 14587 | S4: ='KPI by Quarter'!F22 -> 6087 | T4: ='KPI by Quarter'!G22 -> 0 | U4: ='KPI by Quarter'!H22 -> 0 | V4: ='KPI by Quarter'!I22 -> 0 | ... AA4: ='KPI by Quarter'!N22 -> 0 | AB4: 0 | AC4: 0 | AD4: 0 | AE4: 0 | AF4: 0 | AG4: 0 | AH4: 0 | AI4: 0 | AJ4: 0 | AK4: 0 | AL4: 0 | AM4: 0 | AN4: 0 | AO4: 0 | AP4: 0 | AQ4: 0 | AR4: 0 | AS4: 0 | AT4: 0 | AU4: 0 | AV4: 0 | AW4: 0 | AX4: 0 | AY4: 0 | AZ4: 0 | BA4: 0
A6: Colossus - Wishlists | B6: ='KPI by Quarter'!B7 -> 22 | C6: ='KPI by Quarter'!C7 -> 22 | D6: ='KPI by Quarter'!D7 -> 23 | E6: ='KPI by Quarter'!E7 -> 20 | F6: ='KPI by Quarter'!F7 -> 286 | G6: ='KPI by Quarter'!G7 -> 90 | H6: ='KPI by Quarter'!H7 -> 132 | I6: ='KPI by Quarter'!I7 -> 54 | ... N6: ='KPI by Quarter'!N7 -> 106 | O6: ='KPI by Quarter'!B24 -> 83 | P6: ='KPI by Quarter'!C24 -> 92 | Q6: ='KPI by Quarter'!D24 -> 295 | R6: ='KPI by Quarter'!E24 -> 514 | S6: ='KPI by Quarter'!F24 -> 272 | T6: ='KPI by Quarter'!G24 -> 0 | U6: ='KPI by Quarter'!H24 -> 0 | V6: ='KPI by Quarter'!I24 -> 0 | ... AA6: ='KPI by Quarter'!N24 -> 0 | AB6: ='KPI by Quarter'!B41 -> 0 | AC6: ='KPI by Quarter'!C41 -> 0 | AD6: ='KPI by Quarter'!D41 -> 0 | AE6: ='KPI by Quarter'!E41 -> 0 | AF6: ='KPI by Quarter'!F41 -> 0 | AG6: ='KPI by Quarter'!G41 -> 0 | AH6: ='KPI by Quarter'!H41 -> 0 | AI6: ='KPI by Quarter'!I41 -> 0 | ... AN6: ='KPI by Quarter'!N41 -> 0 | AO6: ='KPI by Quarter'!B58 -> 0 | AP6: ='KPI by Quarter'!C58 -> 0 | AQ6: ='KPI by Quarter'!D58 -> 0 | AR6: ='KPI by Quarter'!E58 -> 0 | AS6: ='KPI by Quarter'!F58 -> 0 | AT6: ='KPI by Quarter'!G58 -> 0 | AU6: ='KPI by Quarter'!H58 -> 0 | AV6: ='KPI by Quarter'!I58 -> 0 | ... BA6: ='KPI by Quarter'!N58 -> 0
A7: Colossus - Impressions | B7: ='KPI by Quarter'!B8 -> 1568 | C7: ='KPI by Quarter'!C8 -> 1879 | D7: ='KPI by Quarter'!D8 -> 2210 | E7: ='KPI by Quarter'!E8 -> 2066 | F7: ='KPI by Quarter'!F8 -> 3259 | G7: ='KPI by Quarter'!G8 -> 2320 | H7: ='KPI by Quarter'!H8 -> 2324 | I7: ='KPI by Quarter'!I8 -> 2304 | ... N7: ='KPI by Quarter'!N8 -> 5374 | O7: ='KPI by Quarter'!B25 -> 3631 | P7: ='KPI by Quarter'!C25 -> 3253 | Q7: ='KPI by Quarter'!D25 -> 14258 | R7: ='KPI by Quarter'!E25 -> 6946 | S7: ='KPI by Quarter'!F25 -> 7164 | T7: ='KPI by Quarter'!G25 -> 0 | U7: ='KPI by Quarter'!H25 -> 0 | V7: ='KPI by Quarter'!I25 -> 0 | ... AA7: ='KPI by Quarter'!N25 -> 0 | AB7: 0 | AC7: 0 | AD7: 0 | AE7: 0 | AF7: 0 | AG7: 0 | AH7: 0 | AI7: 0 | AJ7: 0 | AK7: 0 | AL7: 0 | AM7: 0 | AN7: 0 | AO7: 0 | AP7: 0 | AQ7: 0 | AR7: 0 | AS7: 0 | AT7: 0 | AU7: 0 | AV7: 0 | AW7: 0 | AX7: 0 | AY7: 0 | AZ7: 0 | BA7: 0
A8: Colossus - Visits | B8: ='KPI by Quarter'!B9 -> 424 | C8: ='KPI by Quarter'!C9 -> 682 | D8: ='KPI by Quarter'!D9 -> 591 | E8: ='KPI by Quarter'!E9 -> 765 | F8: ='KPI by Quarter'!F9 -> 1007 | G8: ='KPI by Quarter'!G9 -> 798 | H8: ='KPI by Quarter'!H9 -> 912 | I8: ='KPI by Quarter'!I9 -> 832 | ... N8: ='KPI by Quarter'!N9 -> 1046 | O8: ='KPI by Quarter'!B26 -> 887 | P8: ='KPI by Quarter'!C26 -> 839 | Q8: ='KPI by Quarter'!D26 -> 1232 | R8: ='KPI by Quarter'!E26 -> 1542 | S8: ='KPI by Quarter'!F26 -> 1502 | T8: ='KPI by Quarter'!G26 -> 0 | U8: ='KPI by Quarter'!H26 -> 0 | V8: ='KPI by Quarter'!I26 -> 0 | ... AA8: ='KPI by Quarter'!N26 -> 0 | AB8: 0 | AC8: 0 | AD8: 0 | AE8: 0 | AF8: 0 | AG8: 0 | AH8: 0 | AI8: 0 | AJ8: 0 | AK8: 0 | AL8: 0 | AM8: 0 | AN8: 0 | AO8: 0 | AP8: 0 | AQ8: 0 | AR8: 0 | AS8: 0 | AT8: 0 | AU8: 0 | AV8: 0 | AW8: 0 | AX8: 0 | AY8: 0 | AZ8: 0 | BA8: 0
A10: Petunia's Purgatory - Wishlists | B10: ='KPI by Quarter'!B11 -> 155 | C10: ='KPI by Quarter'!C11 -> 36 | D10: ='KPI by Quarter'!D11 -> 16 | E10: ='KPI by Quarter'!E11 -> 12 | F10: ='KPI by Quarter'!F11 -> 23 | G10: ='KPI by Quarter'!G11 -> 30 | H10: ='KPI by Quarter'!H11 -> 29 | I10: ='KPI by Quarter'!I11 -> 76 | ... N10: ='KPI by Quarter'!N11 -> 17 | O10: ='KPI by Quarter'!B28 -> 41 | P10: ='KPI by Quarter'!C28 -> 35 | Q10: ='KPI by Quarter'!D28 -> 28 | R10: ='KPI by Quarter'!E28 -> 26 | S10: ='KPI by Quarter'!F28 -> 14 | T10: ='KPI by Quarter'!G28 -> 0 | U10: ='KPI by Quarter'!H28 -> 0 | V10: ='KPI by Quarter'!I28 -> 0 | ... AA10: ='KPI by Quarter'!N28 -> 0 | AB10: ='KPI by Quarter'!B45 -> 0 | AC10: ='KPI by Quarter'!C45 -> 0 | AD10: ='KPI by Quarter'!D45 -> 0 | AE10: ='KPI by Quarter'!E45 -> 0 | AF10: ='KPI by Quarter'!F45 -> 0 | AG10: ='KPI by Quarter'!G45 -> 0 | AH10: ='KPI by Quarter'!H45 -> 0 | AI10: ='KPI by Quarter'!I45 -> 0 | ... AN10: ='KPI by Quarter'!N45 -> 0 | AO10: ='KPI by Quarter'!B62 -> 0 | AP10: ='KPI by Quarter'!C62 -> 0 | AQ10: ='KPI by Quarter'!D62 -> 0 | AR10: ='KPI by Quarter'!E62 -> 0 | AS10: ='KPI by Quarter'!F62 -> 0 | AT10: ='KPI by Quarter'!G62 -> 0 | AU10: ='KPI by Quarter'!H62 -> 0 | AV10: ='KPI by Quarter'!I62 -> 0 | ... BA10: ='KPI by Quarter'!N62 -> 0
A11: Petunia's Purgatory - Impressions | B11: ='KPI by Quarter'!B12 -> 3279 | C11: ='KPI by Quarter'!C12 -> 4700 | D11: ='KPI by Quarter'!D12 -> 3386 | E11: ='KPI by Quarter'!E12 -> 2992 | F11: ='KPI by Quarter'!F12 -> 3010 | G11: ='KPI by Quarter'!G12 -> 3278 | H11: ='KPI by Quarter'!H12 -> 3624 | I11: ='KPI by Quarter'!I12 -> 3748 | ... N11: ='KPI by Quarter'!N12 -> 3455 | O11: ='KPI by Quarter'!B29 -> 3364 | P11: ='KPI by Quarter'!C29 -> 3463 | Q11: ='KPI by Quarter'!D29 -> 2997 | R11: ='KPI by Quarter'!E29 -> 2844 | S11: ='KPI by Quarter'!F29 -> 2837 | T11: ='KPI by Quarter'!G29 -> 0 | U11: ='KPI by Quarter'!H29 -> 0 | V11: ='KPI by Quarter'!I29 -> 0 | ... AA11: ='KPI by Quarter'!N29 -> 0 | AB11: 0 | AC11: 0 | AD11: 0 | AE11: 0 | AF11: 0 | AG11: 0 | AH11: 0 | AI11: 0 | AJ11: 0 | AK11: 0 | AL11: 0 | AM11: 0 | AN11: 0 | AO11: 0 | AP11: 0 | AQ11: 0 | AR11: 0 | AS11: 0 | AT11: 0 | AU11: 0 | AV11: 0 | AW11: 0 | AX11: 0 | AY11: 0 | AZ11: 0 | BA11: 0
A12: Petunia's Purgatory - Visits | B12: ='KPI by Quarter'!B13 -> 1513 | C12: ='KPI by Quarter'!C13 -> 833 | D12: ='KPI by Quarter'!D13 -> 795 | E12: ='KPI by Quarter'!E13 -> 690 | F12: ='KPI by Quarter'!F13 -> 1056 | G12: ='KPI by Quarter'!G13 -> 885 | H12: ='KPI by Quarter'!H13 -> 1126 | I12: ='KPI by Quarter'!I13 -> 906 | ... N12: ='KPI by Quarter'!N13 -> 4897 | O12: ='KPI by Quarter'!B30 -> 5782 | P12: ='KPI by Quarter'!C30 -> 7678 | Q12: ='KPI by Quarter'!D30 -> 5615 | R12: ='KPI by Quarter'!E30 -> 5242 | S12: ='KPI by Quarter'!F30 -> 7094 | T12: ='KPI by Quarter'!G30 -> 0 | U12: ='KPI by Quarter'!H30 -> 0 | V12: ='KPI by Quarter'!I30 -> 0 | ... AA12: ='KPI by Quarter'!N30 -> 0 | AB12: 0 | AC12: 0 | AD12: 0 | AE12: 0 | AF12: 0 | AG12: 0 | AH12: 0 | AI12: 0 | AJ12: 0 | AK12: 0 | AL12: 0 | AM12: 0 | AN12: 0 | AO12: 0 | AP12: 0 | AQ12: 0 | AR12: 0 | AS12: 0 | AT12: 0 | AU12: 0 | AV12: 0 | AW12: 0 | AX12: 0 | AY12: 0 | AZ12: 0 | BA12: 0
A14: Fleet Breakers - Wishlists | B14: ='KPI by Quarter'!B15 -> 49 | C14: ='KPI by Quarter'!C15 -> 76 | D14: ='KPI by Quarter'!D15 -> 138 | E14: ='KPI by Quarter'!E15 -> 33 | F14: ='KPI by Quarter'!F15 -> -2 | G14: ='KPI by Quarter'!G15 -> 12 | H14: ='KPI by Quarter'!H15 -> 1 | I14: ='KPI by Quarter'!I15 -> 0 | ... N14: ='KPI by Quarter'!N15 -> -2 | O14: ='KPI by Quarter'!B32 -> 8 | P14: ='KPI by Quarter'!C32 -> 8 | Q14: ='KPI by Quarter'!D32 -> -4 | R14: ='KPI by Quarter'!E32 -> -2 | S14: ='KPI by Quarter'!F32 -> 15 | T14: ='KPI by Quarter'!G32 -> 0 | U14: ='KPI by Quarter'!H32 -> 0 | V14: ='KPI by Quarter'!I32 -> 0 | ... AA14: ='KPI by Quarter'!N32 -> 0 | AB14: ='KPI by Quarter'!B49 -> 0 | AC14: ='KPI by Quarter'!C49 -> 0 | AD14: ='KPI by Quarter'!D49 -> 0 | AE14: ='KPI by Quarter'!E49 -> 0 | AF14: ='KPI by Quarter'!F49 -> 0 | AG14: ='KPI by Quarter'!G49 -> 0 | AH14: ='KPI by Quarter'!H49 -> 0 | AI14: ='KPI by Quarter'!I49 -> 0 | ... AN14: ='KPI by Quarter'!N49 -> 0 | AO14: ='KPI by Quarter'!B66 -> 0 | AP14: ='KPI by Quarter'!C66 -> 0 | AQ14: ='KPI by Quarter'!D66 -> 0 | AR14: ='KPI by Quarter'!E66 -> 0 | AS14: ='KPI by Quarter'!F66 -> 0 | AT14: ='KPI by Quarter'!G66 -> 0 | AU14: ='KPI by Quarter'!H66 -> 0 | AV14: ='KPI by Quarter'!I66 -> 0 | ... BA14: ='KPI by Quarter'!N66 -> 0
A15: Fleet Breakers - Impressions | B15: ='KPI by Quarter'!B16 -> 5095 | C15: ='KPI by Quarter'!C16 -> 6399 | D15: ='KPI by Quarter'!D16 -> 5490 | E15: ='KPI by Quarter'!E16 -> 5392 | F15: ='KPI by Quarter'!F16 -> 5225 | G15: ='KPI by Quarter'!G16 -> 4806 | H15: ='KPI by Quarter'!H16 -> 4560 | I15: ='KPI by Quarter'!I16 -> 4282 | J15: 4123 | K15: ='KPI by Quarter'!K16 -> 4376 | L15: ='KPI by Quarter'!L16 -> 3950 | M15: ='KPI by Quarter'!M16 -> 5167 | N15: ='KPI by Quarter'!N16 -> 4403 | O15: ='KPI by Quarter'!B33 -> 3652 | P15: ='KPI by Quarter'!C33 -> 3825 | Q15: ='KPI by Quarter'!D33 -> 5291 | R15: ='KPI by Quarter'!E33 -> 4857 | S15: ='KPI by Quarter'!F33 -> 6270 | T15: ='KPI by Quarter'!G33 -> 0 | U15: ='KPI by Quarter'!H33 -> 0 | V15: ='KPI by Quarter'!I33 -> 0 | ... AA15: ='KPI by Quarter'!N33 -> 0 | AB15: 0 | AC15: 0 | AD15: 0 | AE15: 0 | AF15: 0 | AG15: 0 | AH15: 0 | AI15: 0 | AJ15: 0 | AK15: 0 | AL15: 0 | AM15: 0 | AN15: 0 | AO15: 0 | AP15: 0 | AQ15: 0 | AR15: 0 | AS15: 0 | AT15: 0 | AU15: 0 | AV15: 0 | AW15: 0 | AX15: 0 | AY15: 0 | AZ15: 0 | BA15: 0
A16: Fleet Breakers - Visits | B16: ='KPI by Quarter'!B17 -> 1107 | C16: ='KPI by Quarter'!C17 -> 2049 | D16: ='KPI by Quarter'!D17 -> 1631 | E16: ='KPI by Quarter'!E17 -> 889 | F16: ='KPI by Quarter'!F17 -> 726 | G16: ='KPI by Quarter'!G17 -> 705 | H16: ='KPI by Quarter'!H17 -> 769 | I16: ='KPI by Quarter'!I17 -> 704 | ... N16: ='KPI by Quarter'!N17 -> 707 | O16: ='KPI by Quarter'!B34 -> 783 | P16: ='KPI by Quarter'!C34 -> 790 | Q16: ='KPI by Quarter'!D34 -> 614 | R16: ='KPI by Quarter'!E34 -> 891 | S16: ='KPI by Quarter'!F34 -> 1106 | T16: ='KPI by Quarter'!G34 -> 0 | U16: ='KPI by Quarter'!H34 -> 0 | V16: ='KPI by Quarter'!I34 -> 0 | ... AA16: ='KPI by Quarter'!N34 -> 0 | AB16: 0 | AC16: 0 | AD16: 0 | AE16: 0 | AF16: 0 | AG16: 0 | AH16: 0 | AI16: 0 | AJ16: 0 | AK16: 0 | AL16: 0 | AM16: 0 | AN16: 0 | AO16: 0 | AP16: 0 | AQ16: 0 | AR16: 0 | AS16: 0 | AT16: 0 | AU16: 0 | AV16: 0 | AW16: 0 | AX16: 0 | AY16: 0 | AZ16: 0 | BA16: 0
A18: Latest WoW% | B18: Taival | C18: Colossus | D18: Putania's Purgatory | E18: Fleet Breakers | G18: Add Data on other sheets for this sheet to update.
A19: Wishlists | B19: {=IFERROR(_xlfn.LET(_xlpm.vals,_xlfn._xlws.FILTER(B2:BA2,(B2:BA2<>0)*(ISNUMBER(B2:BA2))),_xlpm.lastVal,INDEX(_xlpm.vals,COLUMNS(_xlpm.vals)),_xlpm.prevVal,INDEX(_xlpm.vals,COLUMNS(_xlpm.vals)-1),(_xlpm.lastVal-_xlpm.prevVal)/ABS(_xlpm.prevVal)),"-")} -> -0.74042687 | C19: {=IFERROR(_xlfn.LET(_xlpm.vals,_xlfn._xlws.FILTER(B6:BA6,(B6:BA6<>0)*(ISNUMBER(B6:BA6))),_xlpm.lastVal,INDEX(_xlpm.vals,COLUMNS(_xlpm.vals)),_xlpm.prevVal,INDEX(_xlpm.vals,COLUMNS(_xlpm.vals)-1),(_xlpm.lastVal-_xlpm.prevVal)/ABS(_xlpm.prevVal)),"-")} -> -0.47081712 | D19: {=IFERROR(_xlfn.LET(_xlpm.vals,_xlfn._xlws.FILTER(B10:BA10,(B10:BA10<>0)*(ISNUMBER(B10:BA10))),_xlpm.lastVal,INDEX(_xlpm.vals,COLUMNS(_xlpm.vals)),_xlpm.prevVal,INDEX(_xlpm.vals,COLUMNS(_xlpm.vals)-1),(_xlpm.lastVal-_xlpm.prevVal)/ABS(_xlpm.prevVal)),"-")} -> -0.46153846 | E19: {=IFERROR(_xlfn.LET(_xlpm.vals,_xlfn._xlws.FILTER(B14:BA14,(B14:BA14<>0)*(ISNUMBER(B14:BA14))),_xlpm.lastVal,INDEX(_xlpm.vals,COLUMNS(_xlpm.vals)),_xlpm.prevVal,INDEX(_xlpm.vals,COLUMNS(_xlpm.vals)-1),(_xlpm.lastVal-_xlpm.prevVal)/ABS(_xlpm.prevVal)),"-")} -> 8.5
A20: Impressions | B20: {=IFERROR(_xlfn.LET(_xlpm.vals,_xlfn._xlws.FILTER(B3:BA3,(B3:BA3<>0)*(ISNUMBER(B3:BA3))),_xlpm.lastVal,INDEX(_xlpm.vals,COLUMNS(_xlpm.vals)),_xlpm.prevVal,INDEX(_xlpm.vals,COLUMNS(_xlpm.vals)-1),(_xlpm.lastVal-_xlpm.prevVal)/ABS(_xlpm.prevVal)),"-")} -> -0.11063957 | C20: {=IFERROR(_xlfn.LET(_xlpm.vals,_xlfn._xlws.FILTER(B7:BA7,(B7:BA7<>0)*(ISNUMBER(B7:BA7))),_xlpm.lastVal,INDEX(_xlpm.vals,COLUMNS(_xlpm.vals)),_xlpm.prevVal,INDEX(_xlpm.vals,COLUMNS(_xlpm.vals)-1),(_xlpm.lastVal-_xlpm.prevVal)/ABS(_xlpm.prevVal)),"-")} -> 0.03138497 | D20: {=IFERROR(_xlfn.LET(_xlpm.vals,_xlfn._xlws.FILTER(B11:BA11,(B11:BA11<>0)*(ISNUMBER(B11:BA11))),_xlpm.lastVal,INDEX(_xlpm.vals,COLUMNS(_xlpm.vals)),_xlpm.prevVal,INDEX(_xlpm.vals,COLUMNS(_xlpm.vals)-1),(_xlpm.lastVal-_xlpm.prevVal)/ABS(_xlpm.prevVal)),"-")} -> -0.0024613221 | E20: {=IFERROR(_xlfn.LET(_xlpm.vals,_xlfn._xlws.FILTER(B15:BA15,(B15:BA15<>0)*(ISNUMBER(B15:BA15))),_xlpm.lastVal,INDEX(_xlpm.vals,COLUMNS(_xlpm.vals)),_xlpm.prevVal,INDEX(_xlpm.vals,COLUMNS(_xlpm.vals)-1),(_xlpm.lastVal-_xlpm.prevVal)/ABS(_xlpm.prevVal)),"-")} -> 0.29092032
A21: Visits | B21: {=IFERROR(_xlfn.LET(_xlpm.vals,_xlfn._xlws.FILTER(B4:BA4,(B4:BA4<>0)*(ISNUMBER(B4:BA4))),_xlpm.lastVal,INDEX(_xlpm.vals,COLUMNS(_xlpm.vals)),_xlpm.prevVal,INDEX(_xlpm.vals,COLUMNS(_xlpm.vals)-1),(_xlpm.lastVal-_xlpm.prevVal)/ABS(_xlpm.prevVal)),"-")} -> -0.58271063 | C21: {=IFERROR(_xlfn.LET(_xlpm.vals,_xlfn._xlws.FILTER(B8:BA8,(B8:BA8<>0)*(ISNUMBER(B8:BA8))),_xlpm.lastVal,INDEX(_xlpm.vals,COLUMNS(_xlpm.vals)),_xlpm.prevVal,INDEX(_xlpm.vals,COLUMNS(_xlpm.vals)-1),(_xlpm.lastVal-_xlpm.prevVal)/ABS(_xlpm.prevVal)),"-")} -> -0.025940337 | D21: {=IFERROR(_xlfn.LET(_xlpm.vals,_xlfn._xlws.FILTER(B12:BA12,(B12:BA12<>0)*(ISNUMBER(B12:BA12))),_xlpm.lastVal,INDEX(_xlpm.vals,COLUMNS(_xlpm.vals)),_xlpm.prevVal,INDEX(_xlpm.vals,COLUMNS(_xlpm.vals)-1),(_xlpm.lastVal-_xlpm.prevVal)/ABS(_xlpm.prevVal)),"-")} -> 0.35330027 | E21: {=IFERROR(_xlfn.LET(_xlpm.vals,_xlfn._xlws.FILTER(B16:BA16,(B16:BA16<>0)*(ISNUMBER(B16:BA16))),_xlpm.lastVal,INDEX(_xlpm.vals,COLUMNS(_xlpm.vals)),_xlpm.prevVal,INDEX(_xlpm.vals,COLUMNS(_xlpm.vals)-1),(_xlpm.lastVal-_xlpm.prevVal)/ABS(_xlpm.prevVal)),"-")} -> 0.24130191
A23: Total Achieved | B23: Taival | C23: Colossus | D23: Putania's Purgatory | E23: Fleet Breakers
A24: Wishlists | B24: =SUM(B2:BA2) -> 5407 | C24: =SUM(B6:BA6) -> 2482 | D24: =SUM(B10:BA10) -> 1569 | E24: =SUM(B14:BA14) -> 317
A25: Impressions | B25: =SUMIF(B3:BA3,"<>-") -> 114812 | C25: =SUMIF(B7:BA7,"<>-") -> 73723 | D25: =SUMIF(B11:BA11,"<>-") -> 226258 | E25: =SUMIF(B15:BA15,"<>-") -> 87163
A26: Visits | B26: =SUMIF(B4:BA4,"<>-") -> 38003 | C26: =SUMIF(B8:BA8,"<>-") -> 17126 | D26: =SUMIF(B12:BA12,"<>-") -> 53029 | E26: =SUMIF(B16:BA16,"<>-") -> 16589
A28: Noor - Wishlists | B28: ='KPI by Quarter'!B71 | C28: ='KPI by Quarter'!C71 | D28: ='KPI by Quarter'!D71 | E28: ='KPI by Quarter'!E71 | F28: ='KPI by Quarter'!F71 | G28: ='KPI by Quarter'!G71 | H28: ='KPI by Quarter'!H71 | I28: ='KPI by Quarter'!I71 | ... N28: ='KPI by Quarter'!N71 | O28: ='KPI by Quarter'!B76 | P28: ='KPI by Quarter'!C76 | Q28: ='KPI by Quarter'!D76 | R28: ='KPI by Quarter'!E76
A29: Noor - Impressions | B29: ='KPI by Quarter'!B72 | C29: ='KPI by Quarter'!C72 | D29: ='KPI by Quarter'!D72 | E29: ='KPI by Quarter'!E72 | F29: ='KPI by Quarter'!F72 | G29: ='KPI by Quarter'!G72 | H29: ='KPI by Quarter'!H72 | I29: ='KPI by Quarter'!I72 | ... N29: ='KPI by Quarter'!N72 | O29: ='KPI by Quarter'!B77 | P29: ='KPI by Quarter'!C77 | Q29: ='KPI by Quarter'!D77 | R29: ='KPI by Quarter'!E77
A30: Noor - Visits | B30: ='KPI by Quarter'!B73 | C30: ='KPI by Quarter'!C73 | D30: ='KPI by Quarter'!D73 | E30: ='KPI by Quarter'!E73 | F30: ='KPI by Quarter'!F73 | G30: ='KPI by Quarter'!G73 | H30: ='KPI by Quarter'!H73 | I30: ='KPI by Quarter'!I73 | ... N30: ='KPI by Quarter'!N73 | O30: ='KPI by Quarter'!B78 | P30: ='KPI by Quarter'!C78 | Q30: ='KPI by Quarter'!D78 | R30: ='KPI by Quarter'!E78

Sheet KPI by Quarter
A1: Quarter 1 | P1: Quarter Totals
A2: Taival | B2: 1/4 | C2: 1/11 | D2: 1/18 | E2: 1/25 | F2: 2/1 | G2: 2/8 | H2: 2/15 | I2: 2/22 | J2: 3/1 | K2: 3/8 | L2: 3/15 | M2: 3/22 | N2: 3/29 | O2: WoW% | P2: Total
A3: Wishlists | B3: =SUMIF(Taival_WL!$A:$A,"<="&B2,Taival_WL!$H:$H) -> 4 | C3: =SUMIFS(Taival_WL!$H:$H,Taival_WL!$A:$A,">"&B2,Taival_WL!$A:$A,"<="&C2) -> 2 | D3: =SUMIFS(Taival_WL!$H:$H,Taival_WL!$A:$A,">"&C2,Taival_WL!$A:$A,"<="&D2) -> 16 | E3: =SUMIFS(Taival_WL!$H:$H,Taival_WL!$A:$A,">"&D2,Taival_WL!$A:$A,"<="&E2) -> 0 | F3: =SUMIFS(Taival_WL!$H:$H,Taival_WL!$A:$A,">"&E2,Taival_WL!$A:$A,"<="&F2) -> -2 | G3: =SUMIFS(Taival_WL!$H:$H,Taival_WL!$A:$A,">"&F2,Taival_WL!$A:$A,"<="&G2) -> -6 | H3: =SUMIFS(Taival_WL!$H:$H,Taival_WL!$A:$A,">"&G2,Taival_WL!$A:$A,"<="&H2) -> 4 | I3: =SUMIFS(Taival_WL!$H:$H,Taival_WL!$A:$A,">"&H2,Taival_WL!$A:$A,"<="&I2) -> 26 | J3: =SUMIFS(Taival_WL!$H:$H,Taival_WL!$A:$A,">"&I2,Taival_WL!$A:$A,"<="&J2) -> 3 | ... N3: =SUMIFS(Taival_WL!$H:$H,Taival_WL!$A:$A,">"&M2,Taival_WL!$A:$A,"<="&N2) -> 27 | O3: {=IFERROR(_xlfn.LET( _xlpm.rng,B3:N3, _xlpm.lastCol,MAX(IF(ISNUMBER(_xlpm.rng)*(_xlpm.rng<>0),COLUMN(_xlpm.rng),0)), _xlpm.secondLastCol,MAX(IF((ISNUMBER(_xlpm.rng)*(_xlpm.rng<>0)*(COLUMN(_xlpm.rng)<_xlpm.lastCol)),COLUMN(_xlpm.rng),0)), _xlpm.lastVal,INDEX(B3:N3,1,_xlpm.lastCol-1), _xlpm.secondLastVal,INDEX(B3:N3,1,_xlpm.secondLastCol-1), IF(OR(_xlpm.secondLastCol=0,_xlpm.lastCol=0),"-",(_xlpm.lastVal-_xlpm.secondLastVal)/ABS(_xlpm.secondLastVal)) ),"-")} -> 0.22727273 | P3: =SUM(B3:N3) -> 114
A4: Impressions | B4: 5095 | C4: 6399 | D4: 5490 | E4: 5392 | F4: 5225 | G4: 4806 | H4: 4560 | I4: 4282 | J4: 5673 | K4: 3043 | L4: 3184 | M4: 3803 | N4: 3196 | O4: {=IFERROR(_xlfn.LET( _xlpm.rng,B4:N4, _xlpm.lastCol,MAX(IF(ISNUMBER(_xlpm.rng)*(_xlpm.rng<>0),COLUMN(_xlpm.rng),0)), _xlpm.secondLastCol,MAX(IF((ISNUMBER(_xlpm.rng)*(_xlpm.rng<>0)*(COLUMN(_xlpm.rng)<_xlpm.lastCol)),COLUMN(_xlpm.rng),0)), _xlpm.lastVal,INDEX(B4:N4,1,_xlpm.lastCol-1), _xlpm.secondLastVal,INDEX(B4:N4,1,_xlpm.secondLastCol-1), IF(OR(_xlpm.secondLastCol=0,_xlpm.lastCol=0),"-",(_xlpm.lastVal-_xlpm.secondLastVal)/ABS(_xlpm.secondLastVal)) ),"-")} -> -0.15961083 | P4: =SUM(B4:N4) -> 60148
A5: Visits | B5: 1107 | C5: 2049 | D5: 1631 | E5: 889 | F5: 726 | G5: 705 | H5: 769 | I5: 704 | J5: 906 | K5: 680 | L5: 507 | M5: 618 | N5: 595 | O5: {=IFERROR(_xlfn.LET( _xlpm.rng,B5:N5, _xlpm.lastCol,MAX(IF(ISNUMBER(_xlpm.rng)*(_xlpm.rng<>0),COLUMN(_xlpm.rng),0)), _xlpm.secondLastCol,MAX(IF((ISNUMBER(_xlpm.rng)*(_xlpm.rng<>0)*(COLUMN(_xlpm.rng)<_xlpm.lastCol)),COLUMN(_xlpm.rng),0)), _xlpm.lastVal,INDEX(B5:N5,1,_xlpm.lastCol-1), _xlpm.secondLastVal,INDEX(B5:N5,1,_xlpm.secondLastCol-1), IF(OR(_xlpm.secondLastCol=0,_xlpm.lastCol=0),"-",(_xlpm.lastVal-_xlpm.secondLastVal)/ABS(_xlpm.secondLastVal)) ),"-")} -> -0.037216828 | P5: =SUM(B5:N5) -> 11886
A6: Colossus - Eternal Blight | B6: 1/4 | C6: 1/11 | D6: 1/18 | E6: 1/25 | F6: 2/1 | G6: 2/8 | H6: 2/15 | I6: 2/22 | J6: 3/1 | K6: 3/8 | L6: 3/15 | M6: 3/22 | N6: 3/29 | O6: WoW% | P6: Total
A7: Wishlists | B7: =SUMIF('Colossus - Eternal Blight_WL'!$A:$A,"<="&B6,'Colossus - Eternal Blight_WL'!$H:$H) -> 22 | C7: =SUMIFS('Colossus - Eternal Blight_WL'!$H:$H,'Colossus - Eternal Blight_WL'!$A:$A,">"&B6,'Colossus - Eternal Blight_WL'!$A:$A,"<="&C6) -> 22 | D7: =SUMIFS('Colossus - Eternal Blight_WL'!$H:$H,'Colossus - Eternal Blight_WL'!$A:$A,">"&C6,'Colossus - Eternal Blight_WL'!$A:$A,"<="&D6) -> 23 | E7: =SUMIFS('Colossus - Eternal Blight_WL'!$H:$H,'Colossus - Eternal Blight_WL'!$A:$A,">"&D6,'Colossus - Eternal Blight_WL'!$A:$A,"<="&E6) -> 20 | F7: =SUMIFS('Colossus - Eternal Blight_WL'!$H:$H,'Colossus - Eternal Blight_WL'!$A:$A,">"&E6,'Colossus - Eternal Blight_WL'!$A:$A,"<="&F6) -> 286 | G7: =SUMIFS('Colossus - Eternal Blight_WL'!$H:$H,'Colossus - Eternal Blight_WL'!$A:$A,">"&F6,'Colossus - Eternal Blight_WL'!$A:$A,"<="&G6) -> 90 | H7: =SUMIFS('Colossus - Eternal Blight_WL'!$H:$H,'Colossus - Eternal Blight_WL'!$A:$A,">"&G6,'Colossus - Eternal Blight_WL'!$A:$A,"<="&H6) -> 132 | I7: =SUMIFS('Colossus - Eternal Blight_WL'!$H:$H,'Colossus - Eternal Blight_WL'!$A:$A,">"&H6,'Colossus - Eternal Blight_WL'!$A:$A,"<="&I6) -> 54 | J7: =SUMIFS('Colossus - Eternal Blight_WL'!$H:$H,'Colossus - Eternal Blight_WL'!$A:$A,">"&I6,'Colossus - Eternal Blight_WL'!$A:$A,"<="&J6) -> 89 | ... N7: =SUMIFS('Colossus - Eternal Blight_WL'!$H:$H,'Colossus - Eternal Blight_WL'!$A:$A,">"&M6,'Colossus - Eternal Blight_WL'!$A:$A,"<="&N6) -> 106 | O7: {=IFERROR(_xlfn.LET( _xlpm.rng,B7:N7, _xlpm.lastCol,MAX(IF(ISNUMBER(_xlpm.rng)*(_xlpm.rng<>0),COLUMN(_xlpm.rng),0)), _xlpm.secondLastCol,MAX(IF((ISNUMBER(_xlpm.rng)*(_xlpm.rng<>0)*(COLUMN(_xlpm.rng)<_xlpm.lastCol)),COLUMN(_xlpm.rng),0)), _xlpm.lastVal,INDEX(B7:N7,1,_xlpm.lastCol-1), _xlpm.secondLastVal,INDEX(B7:N7,1,_xlpm.secondLastCol-1), IF(OR(_xlpm.secondLastCol=0,_xlpm.lastCol=0),"-",(_xlpm.lastVal-_xlpm.secondLastVal)/ABS(_xlpm.secondLastVal)) ),"-")} -> -0.51376147 | P7: =SUM(B7:N7) -> 1226
A8: Impressions | B8: 1568 | C8: 1879 | D8: 2210 | E8: 2066 | F8: 3259 | G8: 2320 | H8: 2324 | I8: 2304 | J8: 2222 | K8: 1967 | L8: 4553 | M8: 6425 | N8: 5374 | O8: {=IFERROR(_xlfn.LET( _xlpm.rng,B8:N8, _xlpm.lastCol,MAX(IF(ISNUMBER(_xlpm.rng)*(_xlpm.rng<>0),COLUMN(_xlpm.rng),0)), _xlpm.secondLastCol,MAX(IF((ISNUMBER(_xlpm.rng)*(_xlpm.rng<>0)*(COLUMN(_xlpm.rng)<_xlpm.lastCol)),COLUMN(_xlpm.rng),0)), _xlpm.lastVal,INDEX(B8:N8,1,_xlpm.lastCol-1), _xlpm.secondLastVal,INDEX(B8:N8,1,_xlpm.secondLastCol-1), IF(OR(_xlpm.secondLastCol=0,_xlpm.lastCol=0),"-",(_xlpm.lastVal-_xlpm.secondLastVal)/ABS(_xlpm.secondLastVal)) ),"-")} -> -0.16357977 | P8: =SUM(B8:N8) -> 38471
A9: Visits | B9: 424 | C9: 682 | D9: 591 | E9: 765 | F9: 1007 | G9: 798 | H9: 912 | I9: 832 | J9: 959 | K9: 806 | L9: 963 | M9: 1339 | N9: 1046 | O9: {=IFERROR(_xlfn.LET( _xlpm.rng,B9:N9, _xlpm.lastCol,MAX(IF(ISNUMBER(_xlpm.rng)*(_xlpm.rng<>0),COLUMN(_xlpm.rng),0)), _xlpm.secondLastCol,MAX(IF((ISNUMBER(_xlpm.rng)*(_xlpm.rng<>0)*(COLUMN(_xlpm.rng)<_xlpm.lastCol)),COLUMN(_xlpm.rng),0)), _xlpm.lastVal,INDEX(B9:N9,1,_xlpm.lastCol-1), _xlpm.secondLastVal,INDEX(B9:N9,1,_xlpm.secondLastCol-1), IF(OR(_xlpm.secondLastCol=0,_xlpm.lastCol=0),"-",(_xlpm.lastVal-_xlpm.secondLastVal)/ABS(_xlpm.secondLastVal)) ),"-")} -> -0.21882001 | P9: =SUM(B9:N9) -> 11124
A10: Petunia's Purgatory | B10: 1/4 | C10: 1/11 | D10: 1/18 | E10: 1/25 | F10: 2/1 | G10: 2/8 | H10: 2/15 | I10: 2/22 | J10: 3/1 | K10: 3/8 | L10: 3/15 | M10: 3/22 | N10: 3/29 | O10: WoW% | P10: Total
A11: Wishlists | B11: =SUMIF('Petunia''s Purgatory_WL'!$A:$A,"<="&B10,'Petunia''s Purgatory_WL'!$H:$H) -> 155 | C11: =SUMIFS('Petunia''s Purgatory_WL'!$H:$H,'Petunia''s Purgatory_WL'!$A:$A,">"&B10,'Petunia''s Purgatory_WL'!$A:$A,"<="&C10) -> 36 | D11: =SUMIFS('Petunia''s Purgatory_WL'!$H:$H,'Petunia''s Purgatory_WL'!$A:$A,">"&C10,'Petunia''s Purgatory_WL'!$A:$A,"<="&D10) -> 16 | E11: =SUMIFS('Petunia''s Purgatory_WL'!$H:$H,'Petunia''s Purgatory_WL'!$A:$A,">"&D10,'Petunia''s Purgatory_WL'!$A:$A,"<="&E10) -> 12 | F11: =SUMIFS('Petunia''s Purgatory_WL'!$H:$H,'Petunia''s Purgatory_WL'!$A:$A,">"&E10,'Petunia''s Purgatory_WL'!$A:$A,"<="&F10) -> 23 | G11: =SUMIFS('Petunia''s Purgatory_WL'!$H:$H,'Petunia''s Purgatory_WL'!$A:$A,">"&F10,'Petunia''s Purgatory_WL'!$A:$A,"<="&G10) -> 30 | H11: =SUMIFS('Petunia''s Purgatory_WL'!$H:$H,'Petunia''s Purgatory_WL'!$A:$A,">"&G10,'Petunia''s Purgatory_WL'!$A:$A,"<="&H10) -> 29 | I11: =SUMIFS('Petunia''s Purgatory_WL'!$H:$H,'Petunia''s Purgatory_WL'!$A:$A,">"&H10,'Petunia''s Purgatory_WL'!$A:$A,"<="&I10) -> 76 | J11: =SUMIFS('Petunia''s Purgatory_WL'!$H:$H,'Petunia''s Purgatory_WL'!$A:$A,">"&I10,'Petunia''s Purgatory_WL'!$A:$A,"<="&J10) -> 959 | ... N11: =SUMIFS('Petunia''s Purgatory_WL'!$H:$H,'Petunia''s Purgatory_WL'!$A:$A,">"&M10,'Petunia''s Purgatory_WL'!$A:$A,"<="&N10) -> 17 | O11: {=IFERROR(_xlfn.LET( _xlpm.rng,B11:N11, _xlpm.lastCol,MAX(IF(ISNUMBER(_xlpm.rng)*(_xlpm.rng<>0),COLUMN(_xlpm.rng),0)), _xlpm.secondLastCol,MAX(IF((ISNUMBER(_xlpm.rng)*(_xlpm.rng<>0)*(COLUMN(_xlpm.rng)<_xlpm.lastCol)),COLUMN(_xlpm.rng),0)), _xlpm.lastVal,INDEX(B11:N11,1,_xlpm.lastCol-1), _xlpm.secondLastVal,INDEX(B11:N11,1,_xlpm.secondLastCol-1), IF(OR(_xlpm.secondLastCol=0,_xlpm.lastCol=0),"-",(_xlpm.lastVal-_xlpm.secondLastVal)/ABS(_xlpm.secondLastVal)) ),"-")} -> 0.54545455 | P11: =SUM(B11:N11) -> 1425
A12: Impressions | B12: 3279 | C12: 4700 | D12: 3386 | E12: 2992 | F12: 3010 | G12: 3278 | H12: 3624 | I12: 3748 | J12: 153264 | K12: 16940 | L12: 5171 | M12: 3906 | N12: 3455 | O12: {=IFERROR(_xlfn.LET( _xlpm.rng,B12:N12, _xlpm.lastCol,MAX(IF(ISNUMBER(_xlpm.rng)*(_xlpm.rng<>0),COLUMN(_xlpm.rng),0)), _xlpm.secondLastCol,MAX(IF((ISNUMBER(_xlpm.rng)*(_xlpm.rng<>0)*(COLUMN(_xlpm.rng)<_xlpm.lastCol)),COLUMN(_xlpm.rng),0)), _xlpm.lastVal,INDEX(B12:N12,1,_xlpm.lastCol-1), _xlpm.secondLastVal,INDEX(B12:N12,1,_xlpm.secondLastCol-1), IF(OR(_xlpm.secondLastCol=0,_xlpm.lastCol=0),"-",(_xlpm.lastVal-_xlpm.secondLastVal)/ABS(_xlpm.secondLastVal)) ),"-")} -> -0.11546339 | P12: =SUM(B12:N12) -> 210753
A13: Visits | B13: 1513 | C13: 833 | D13: 795 | E13: 690 | F13: 1056 | G13: 885 | H13: 1126 | I13: 906 | J13: 5244 | K13: 1617 | L13: 1051 | M13: 1005 | N13: 4897 | O13: {=IFERROR(_xlfn.LET( _xlpm.rng,B13:N13, _xlpm.lastCol,MAX(IF(ISNUMBER(_xlpm.rng)*(_xlpm.rng<>0),COLUMN(_xlpm.rng),0)), _xlpm.secondLastCol,MAX(IF((ISNUMBER(_xlpm.rng)*(_xlpm.rng<>0)*(COLUMN(_xlpm.rng)<_xlpm.lastCol)),COLUMN(_xlpm.rng),0)), _xlpm.lastVal,INDEX(B13:N13,1,_xlpm.lastCol-1), _xlpm.secondLastVal,INDEX(B13:N13,1,_xlpm.secondLastCol-1), IF(OR(_xlpm.secondLastCol=0,_xlpm.lastCol=0),"-",(_xlpm.lastVal-_xlpm.secondLastVal)/ABS(_xlpm.secondLastVal)) ),"-")} -> 3.8726368 | P13: =SUM(B13:N13) -> 21618
A14: Fleet Breakers | B14: 1/4 | C14: 1/11 | D14: 1/18 | E14: 1/25 | F14: 2/1 | G14: 2/8 | H14: 2/15 | I14: 2/22 | J14: 3/1 | K14: 3/8 | L14: 3/15 | M14: 3/22 | N14: 3/29 | O14: WoW% | P14: Total | R14: Impressions and Visits to be added manually here.
A15: Wishlists | B15: =SUMIF(Fleetbreakers_WL!$A:$A,"<="&B14,Fleetbreakers_WL!$H:$H) -> 49 | C15: =SUMIFS(Fleetbreakers_WL!$H:$H,Fleetbreakers_WL!$A:$A,">"&B14,Fleetbreakers_WL!$A:$A,"<="&C14) -> 76 | D15: =SUMIFS(Fleetbreakers_WL!$H:$H,Fleetbreakers_WL!$A:$A,">"&C14,Fleetbreakers_WL!$A:$A,"<="&D14) -> 138 | E15: =SUMIFS(Fleetbreakers_WL!$H:$H,Fleetbreakers_WL!$A:$A,">"&D14,Fleetbreakers_WL!$A:$A,"<="&E14) -> 33 | F15: =SUMIFS(Fleetbreakers_WL!$H:$H,Fleetbreakers_WL!$A:$A,">"&E14,Fleetbreakers_WL!$A:$A,"<="&F14) -> -2 | G15: =SUMIFS(Fleetbreakers_WL!$H:$H,Fleetbreakers_WL!$A:$A,">"&F14,Fleetbreakers_WL!$A:$A,"<="&G14) -> 12 | H15: =SUMIFS(Fleetbreakers_WL!$H:$H,Fleetbreakers_WL!$A:$A,">"&G14,Fleetbreakers_WL!$A:$A,"<="&H14) -> 1 | I15: =SUMIFS(Fleetbreakers_WL!$H:$H,Fleetbreakers_WL!$A:$A,">"&H14,Fleetbreakers_WL!$A:$A,"<="&I14) -> 0 | J15: =SUMIFS(Fleetbreakers_WL!$H:$H,Fleetbreakers_WL!$A:$A,">"&I14,Fleetbreakers_WL!$A:$A,"<="&J14) -> -14 | ... N15: =SUMIFS(Fleetbreakers_WL!$H:$H,Fleetbreakers_WL!$A:$A,">"&M14,Fleetbreakers_WL!$A:$A,"<="&N14) -> -2 | O15: {=IFERROR(_xlfn.LET( _xlpm.rng,B15:N15, _xlpm.lastCol,MAX(IF(ISNUMBER(_xlpm.rng)*(_xlpm.rng<>0),COLUMN(_xlpm.rng),0)), _xlpm.secondLastCol,MAX(IF((ISNUMBER(_xlpm.rng)*(_xlpm.rng<>0)*(COLUMN(_xlpm.rng)<_xlpm.lastCol)),COLUMN(_xlpm.rng),0)), _xlpm.lastVal,INDEX(B15:N15,1,_xlpm.lastCol-1), _xlpm.secondLastVal,INDEX(B15:N15,1,_xlpm.secondLastCol-1), IF(OR(_xlpm.secondLastCol=0,_xlpm.lastCol=0),"-",(_xlpm.lastVal-_xlpm.secondLastVal)/ABS(_xlpm.secondLastVal)) ),"-")} -> 0.6 | P15: =SUM(B15:N15) -> 292
A16: Impressions | B16: 5095 | C16: 6399 | D16: 5490 | E16: 5392 | F16: 5225 | G16: 4806 | H16: 4560 | I16: 4282 | J16: 5673 | K16: 4376 | L16: 3950 | M16: 5167 | N16: 4403 | O16: {=IFERROR(_xlfn.LET( _xlpm.rng,B16:N16, _xlpm.lastCol,MAX(IF(ISNUMBER(_xlpm.rng)*(_xlpm.rng<>0),COLUMN(_xlpm.rng),0)), _xlpm.secondLastCol,MAX(IF((ISNUMBER(_xlpm.rng)*(_xlpm.rng<>0)*(COLUMN(_xlpm.rng)<_xlpm.lastCol)),COLUMN(_xlpm.rng),0)), _xlpm.lastVal,INDEX(B16:N16,1,_xlpm.lastCol-1), _xlpm.secondLastVal,INDEX(B16:N16,1,_xlpm.secondLastCol-1), IF(OR(_xlpm.secondLastCol=0,_xlpm.lastCol=0),"-",(_xlpm.lastVal-_xlpm.secondLastVal)/ABS(_xlpm.secondLastVal)) ),"-")} -> -0.14786143 | P16: =SUM(B16:N16) -> 64818
A17: Visits | B17: 1107 | C17: 2049 | D17: 1631 | E17: 889 | F17: 726 | G17: 705 | H17: 769 | I17: 704 | J17: 906 | K17: 799 | L17: 662 | M17: 751 | N17: 707 | O17: {=IFERROR(_xlfn.LET( _xlpm.rng,B17:N17, _xlpm.lastCol,MAX(IF(ISNUMBER(_xlpm.rng)*(_xlpm.rng<>0),COLUMN(_xlpm.rng),0)), _xlpm.secondLastCol,MAX(IF((ISNUMBER(_xlpm.rng)*(_xlpm.rng<>0)*(COLUMN(_xlpm.rng)<_xlpm.lastCol)),COLUMN(_xlpm.rng),0)), _xlpm.lastVal,INDEX(B17:N17,1,_xlpm.lastCol-1), _xlpm.secondLastVal,INDEX(B17:N17,1,_xlpm.secondLastCol-1), IF(OR(_xlpm.secondLastCol=0,_xlpm.lastCol=0),"-",(_xlpm.lastVal-_xlpm.secondLastVal)/ABS(_xlpm.secondLastVal)) ),"-")} -> -0.058588549 | P17: =SUM(B17:N17) -> 12405
A18: Quarter 2 | P18: Quarter Totals
A19: Taival | B19: 4/5 | C19: 4/12 | D19: 4/19 | E19: 4/26 | F19: 5/3 | G19: 5/10 | H19: 5/16 | I19: 5/23 | J19: 5/30 | K19: 6/6 | L19: 6/13 | M19: 6/20 | N19: 6/27 | O19: WoW% | P19: Total
A20: Wishlists | B20: =SUMIFS(Taival_WL!$H:$H,Taival_WL!$A:$A,">"&N2,Taival_WL!$A:$A,"<="&B19) -> 249 | C20: =SUMIFS(Taival_WL!$H:$H,Taival_WL!$A:$A,">"&B19,Taival_WL!$A:$A,"<="&C19) -> 363 | D20: =SUMIFS(Taival_WL!$H:$H,Taival_WL!$A:$A,">"&C19,Taival_WL!$A:$A,"<="&D19) -> 668 | E20: =SUMIFS(Taival_WL!$H:$H,Taival_WL!$A:$A,">"&D19,Taival_WL!$A:$A,"<="&E19) -> 3186 | F20: =SUMIFS(Taival_WL!$H:$H,Taival_WL!$A:$A,">"&E19,Taival_WL!$A:$A,"<="&F19) -> 827 | G20: =SUMIFS(Taival_WL!$H:$H,Taival_WL!$A:$A,">"&F19,Taival_WL!$A:$A,"<="&G19) -> 0 | H20: =SUMIFS(Taival_WL!$H:$H,Taival_WL!$A:$A,">"&G19,Taival_WL!$A:$A,"<="&H19) -> 0 | I20: =SUMIFS(Taival_WL!$H:$H,Taival_WL!$A:$A,">"&H19,Taival_WL!$A:$A,"<="&I19) -> 0 | J20: =SUMIFS(Taival_WL!$H:$H,Taival_WL!$A:$A,">"&I19,Taival_WL!$A:$A,"<="&J19) -> 0 | ... N20: =SUMIFS(Taival_WL!$H:$H,Taival_WL!$A:$A,">"&M19,Taival_WL!$A:$A,"<="&N19) -> 0 | O20: {=IFERROR(_xlfn.LET( _xlpm.rng,B20:N20, _xlpm.lastCol,MAX(IF(ISNUMBER(_xlpm.rng)*(_xlpm.rng<>0),COLUMN(_xlpm.rng),0)), _xlpm.secondLastCol,MAX(IF((ISNUMBER(_xlpm.rng)*(_xlpm.rng<>0)*(COLUMN(_xlpm.rng)<_xlpm.lastCol)),COLUMN(_xlpm.rng),0)), _xlpm.lastVal,INDEX(B20:N20,1,_xlpm.lastCol-1), _xlpm.secondLastVal,INDEX(B20:N20,1,_xlpm.secondLastCol-1), IF(OR(_xlpm.secondLastCol=0,_xlpm.lastCol=0),"-",(_xlpm.lastVal-_xlpm.secondLastVal)/ABS(_xlpm.secondLastVal)) ),"-")} -> -0.74042687 | P20: =SUM(B20:N20) -> 5293
A21: Impressions | B21: 3697 | C21: 4970 | D21: 14388 | E21: 16730 | F21: 14879 | G21: 0 | H21: 0 | I21: 0 | J21: 0 | K21: 0 | L21: 0 | M21: 0 | N21: 0 | O21: {=IFERROR(_xlfn.LET( _xlpm.rng,B21:N21, _xlpm.lastCol,MAX(IF(ISNUMBER(_xlpm.rng)*(_xlpm.rng<>0),COLUMN(_xlpm.rng),0)), _xlpm.secondLastCol,MAX(IF((ISNUMBER(_xlpm.rng)*(_xlpm.rng<>0)*(COLUMN(_xlpm.rng)<_xlpm.lastCol)),COLUMN(_xlpm.rng),0)), _xlpm.lastVal,INDEX(B21:N21,1,_xlpm.lastCol-1), _xlpm.secondLastVal,INDEX(B21:N21,1,_xlpm.secondLastCol-1), IF(OR(_xlpm.secondLastCol=0,_xlpm.lastCol=0),"-",(_xlpm.lastVal-_xlpm.secondLastVal)/ABS(_xlpm.secondLastVal)) ),"-")} -> -0.11063957 | P21: =SUM(B21:N21) -> 54664
A22: Visits | B22: 1276 | C22: 2020 | D22: 2147 | E22: 14587 | F22: 6087 | G22: 0 | H22: 0 | I22: 0 | J22: 0 | K22: 0 | L22: 0 | M22: 0 | N22: 0 | O22: {=IFERROR(_xlfn.LET( _xlpm.rng,B22:N22, _xlpm.lastCol,MAX(IF(ISNUMBER(_xlpm.rng)*(_xlpm.rng<>0),COLUMN(_xlpm.rng),0)), _xlpm.secondLastCol,MAX(IF((ISNUMBER(_xlpm.rng)*(_xlpm.rng<>0)*(COLUMN(_xlpm.rng)<_xlpm.lastCol)),COLUMN(_xlpm.rng),0)), _xlpm.lastVal,INDEX(B22:N22,1,_xlpm.lastCol-1), _xlpm.secondLastVal,INDEX(B22:N22,1,_xlpm.secondLastCol-1), IF(OR(_xlpm.secondLastCol=0,_xlpm.lastCol=0),"-",(_xlpm.lastVal-_xlpm.secondLastVal)/ABS(_xlpm.secondLastVal)) ),"-")} -> -0.58271063 | P22: =SUM(B22:N22) -> 26117
A23: Colossus - Eternal Blight | B23: 4/5 | C23: 4/12 | D23: 4/19 | E23: 4/26 | F23: 5/3 | G23: 5/10 | H23: 5/16 | I23: 5/23 | J23: 5/30 | K23: 6/6 | L23: 6/13 | M23: 6/20 | N23: 6/27 | O23: WoW% | P23: Total
A24: Wishlists | B24: =SUMIFS('Colossus - Eternal Blight_WL'!$H:$H,'Colossus - Eternal Blight_WL'!$A:$A,">"&N6,'Colossus - Eternal Blight_WL'!$A:$A,"<="&B23) -> 83 | C24: =SUMIFS('Colossus - Eternal Blight_WL'!$H:$H,'Colossus - Eternal Blight_WL'!$A:$A,">"&B23,'Colossus - Eternal Blight_WL'!$A:$A,"<="&C23) -> 92 | D24: =SUMIFS('Colossus - Eternal Blight_WL'!$H:$H,'Colossus - Eternal Blight_WL'!$A:$A,">"&C23,'Colossus - Eternal Blight_WL'!$A:$A,"<="&D23) -> 295 | E24: =SUMIFS('Colossus - Eternal Blight_WL'!$H:$H,'Colossus - Eternal Blight_WL'!$A:$A,">"&D23,'Colossus - Eternal Blight_WL'!$A:$A,"<="&E23) -> 514 | F24: =SUMIFS('Colossus - Eternal Blight_WL'!$H:$H,'Colossus - Eternal Blight_WL'!$A:$A,">"&E23,'Colossus - Eternal Blight_WL'!$A:$A,"<="&F23) -> 272 | G24: =SUMIFS('Colossus - Eternal Blight_WL'!$H:$H,'Colossus - Eternal Blight_WL'!$A:$A,">"&F23,'Colossus - Eternal Blight_WL'!$A:$A,"<="&G23) -> 0 | H24: =SUMIFS('Colossus - Eternal Blight_WL'!$H:$H,'Colossus - Eternal Blight_WL'!$A:$A,">"&G23,'Colossus - Eternal Blight_WL'!$A:$A,"<="&H23) -> 0 | I24: =SUMIFS('Colossus - Eternal Blight_WL'!$H:$H,'Colossus - Eternal Blight_WL'!$A:$A,">"&H23,'Colossus - Eternal Blight_WL'!$A:$A,"<="&I23) -> 0 | J24: =SUMIFS('Colossus - Eternal Blight_WL'!$H:$H,'Colossus - Eternal Blight_WL'!$A:$A,">"&I23,'Colossus - Eternal Blight_WL'!$A:$A,"<="&J23) -> 0 | ... N24: =SUMIFS('Colossus - Eternal Blight_WL'!$H:$H,'Colossus - Eternal Blight_WL'!$A:$A,">"&M23,'Colossus - Eternal Blight_WL'!$A:$A,"<="&N23) -> 0 | O24: {=IFERROR(_xlfn.LET( _xlpm.rng,B24:N24, _xlpm.lastCol,MAX(IF(ISNUMBER(_xlpm.rng)*(_xlpm.rng<>0),COLUMN(_xlpm.rng),0)), _xlpm.secondLastCol,MAX(IF((ISNUMBER(_xlpm.rng)*(_xlpm.rng<>0)*(COLUMN(_xlpm.rng)<_xlpm.lastCol)),COLUMN(_xlpm.rng),0)), _xlpm.lastVal,INDEX(B24:N24,1,_xlpm.lastCol-1), _xlpm.secondLastVal,INDEX(B24:N24,1,_xlpm.secondLastCol-1), IF(OR(_xlpm.secondLastCol=0,_xlpm.lastCol=0),"-",(_xlpm.lastVal-_xlpm.secondLastVal)/ABS(_xlpm.secondLastVal)) ),"-")} -> -0.47081712 | P24: =SUM(B24:N24) -> 1256
A25: Impressions | B25: 3631 | C25: 3253 | D25: 14258 | E25: 6946 | F25: 7164 | G25: 0 | H25: 0 | I25: 0 | J25: 0 | K25: 0 | L25: 0 | M25: 0 | N25: 0 | O25: {=IFERROR(_xlfn.LET( _xlpm.rng,B25:N25, _xlpm.lastCol,MAX(IF(ISNUMBER(_xlpm.rng)*(_xlpm.rng<>0),COLUMN(_xlpm.rng),0)), _xlpm.secondLastCol,MAX(IF((ISNUMBER(_xlpm.rng)*(_xlpm.rng<>0)*(COLUMN(_xlpm.rng)<_xlpm.lastCol)),COLUMN(_xlpm.rng),0)), _xlpm.lastVal,INDEX(B25:N25,1,_xlpm.lastCol-1), _xlpm.secondLastVal,INDEX(B25:N25,1,_xlpm.secondLastCol-1), IF(OR(_xlpm.secondLastCol=0,_xlpm.lastCol=0),"-",(_xlpm.lastVal-_xlpm.secondLastVal)/ABS(_xlpm.secondLastVal)) ),"-")} -> 0.03138497 | P25: =SUM(B25:N25) -> 35252
A26: Visits | B26: 887 | C26: 839 | D26: 1232 | E26: 1542 | F26: 1502 | G26: 0 | H26: 0 | I26: 0 | J26: 0 | K26: 0 | L26: 0 | M26: 0 | N26: 0 | O26: {=IFERROR(_xlfn.LET( _xlpm.rng,B26:N26, _xlpm.lastCol,MAX(IF(ISNUMBER(_xlpm.rng)*(_xlpm.rng<>0),COLUMN(_xlpm.rng),0)), _xlpm.secondLastCol,MAX(IF((ISNUMBER(_xlpm.rng)*(_xlpm.rng<>0)*(COLUMN(_xlpm.rng)<_xlpm.lastCol)),COLUMN(_xlpm.rng),0)), _xlpm.lastVal,INDEX(B26:N26,1,_xlpm.lastCol-1), _xlpm.secondLastVal,INDEX(B26:N26,1,_xlpm.secondLastCol-1), IF(OR(_xlpm.secondLastCol=0,_xlpm.lastCol=0),"-",(_xlpm.lastVal-_xlpm.secondLastVal)/ABS(_xlpm.secondLastVal)) ),"-")} -> -0.025940337 | P26: =SUM(B26:N26) -> 6002
A27: Petunia's Purgatory | B27: 4/5 | C27: 4/12 | D27: 4/19 | E27: 4/26 | F27: 5/3 | G27: 5/10 | H27: 5/16 | I27: 5/23 | J27: 5/30 | K27: 6/6 | L27: 6/13 | M27: 6/20 | N27: 6/27 | O27: WoW% | P27: Total
A28: Wishlists | B28: =SUMIFS('Petunia''s Purgatory_WL'!$H:$H,'Petunia''s Purgatory_WL'!$A:$A,">"&N10,'Petunia''s Purgatory_WL'!$A:$A,"<="&B27) -> 41 | C28: =SUMIFS('Petunia''s Purgatory_WL'!$H:$H,'Petunia''s Purgatory_WL'!$A:$A,">"&B27,'Petunia''s Purgatory_WL'!$A:$A,"<="&C27) -> 35 | D28: =SUMIFS('Petunia''s Purgatory_WL'!$H:$H,'Petunia''s Purgatory_WL'!$A:$A,">"&C27,'Petunia''s Purgatory_WL'!$A:$A,"<="&D27) -> 28 | E28: =SUMIFS('Petunia''s Purgatory_WL'!$H:$H,'Petunia''s Purgatory_WL'!$A:$A,">"&D27,'Petunia''s Purgatory_WL'!$A:$A,"<="&E27) -> 26 | F28: =SUMIFS('Petunia''s Purgatory_WL'!$H:$H,'Petunia''s Purgatory_WL'!$A:$A,">"&E27,'Petunia''s Purgatory_WL'!$A:$A,"<="&F27) -> 14 | G28: =SUMIFS('Petunia''s Purgatory_WL'!$H:$H,'Petunia''s Purgatory_WL'!$A:$A,">"&F27,'Petunia''s Purgatory_WL'!$A:$A,"<="&G27) -> 0 | H28: =SUMIFS('Petunia''s Purgatory_WL'!$H:$H,'Petunia''s Purgatory_WL'!$A:$A,">"&G27,'Petunia''s Purgatory_WL'!$A:$A,"<="&H27) -> 0 | I28: =SUMIFS('Petunia''s Purgatory_WL'!$H:$H,'Petunia''s Purgatory_WL'!$A:$A,">"&H27,'Petunia''s Purgatory_WL'!$A:$A,"<="&I27) -> 0 | J28: =SUMIFS('Petunia''s Purgatory_WL'!$H:$H,'Petunia''s Purgatory_WL'!$A:$A,">"&I27,'Petunia''s Purgatory_WL'!$A:$A,"<="&J27) -> 0 | ... N28: =SUMIFS('Petunia''s Purgatory_WL'!$H:$H,'Petunia''s Purgatory_WL'!$A:$A,">"&M27,'Petunia''s Purgatory_WL'!$A:$A,"<="&N27) -> 0 | O28: {=IFERROR(_xlfn.LET( _xlpm.rng,B28:N28, _xlpm.lastCol,MAX(IF(ISNUMBER(_xlpm.rng)*(_xlpm.rng<>0),COLUMN(_xlpm.rng),0)), _xlpm.secondLastCol,MAX(IF((ISNUMBER(_xlpm.rng)*(_xlpm.rng<>0)*(COLUMN(_xlpm.rng)<_xlpm.lastCol)),COLUMN(_xlpm.rng),0)), _xlpm.lastVal,INDEX(B28:N28,1,_xlpm.lastCol-1), _xlpm.secondLastVal,INDEX(B28:N28,1,_xlpm.secondLastCol-1), IF(OR(_xlpm.secondLastCol=0,_xlpm.lastCol=0),"-",(_xlpm.lastVal-_xlpm.secondLastVal)/ABS(_xlpm.secondLastVal)) ),"-")} -> -0.46153846 | P28: =SUM(B28:N28) -> 144
A29: Impressions | B29: 3364 | C29: 3463 | D29: 2997 | E29: 2844 | F29: 2837 | G29: 0 | H29: 0 | I29: 0 | J29: 0 | K29: 0 | L29: 0 | M29: 0 | N29: 0 | O29: {=IFERROR(_xlfn.LET( _xlpm.rng,B29:N29, _xlpm.lastCol,MAX(IF(ISNUMBER(_xlpm.rng)*(_xlpm.rng<>0),COLUMN(_xlpm.rng),0)), _xlpm.secondLastCol,MAX(IF((ISNUMBER(_xlpm.rng)*(_xlpm.rng<>0)*(COLUMN(_xlpm.rng)<_xlpm.lastCol)),COLUMN(_xlpm.rng),0)), _xlpm.lastVal,INDEX(B29:N29,1,_xlpm.lastCol-1), _xlpm.secondLastVal,INDEX(B29:N29,1,_xlpm.secondLastCol-1), IF(OR(_xlpm.secondLastCol=0,_xlpm.lastCol=0),"-",(_xlpm.lastVal-_xlpm.secondLastVal)/ABS(_xlpm.secondLastVal)) ),"-")} -> -0.0024613221 | P29: =SUM(B29:N29) -> 15505
A30: Visits | B30: 5782 | C30: 7678 | D30: 5615 | E30: 5242 | F30: 7094 | G30: 0 | H30: 0 | I30: 0 | J30: 0 | K30: 0 | L30: 0 | M30: 0 | N30: 0 | O30: {=IFERROR(_xlfn.LET( _xlpm.rng,B30:N30, _xlpm.lastCol,MAX(IF(ISNUMBER(_xlpm.rng)*(_xlpm.rng<>0),COLUMN(_xlpm.rng),0)), _xlpm.secondLastCol,MAX(IF((ISNUMBER(_xlpm.rng)*(_xlpm.rng<>0)*(COLUMN(_xlpm.rng)<_xlpm.lastCol)),COLUMN(_xlpm.rng),0)), _xlpm.lastVal,INDEX(B30:N30,1,_xlpm.lastCol-1), _xlpm.secondLastVal,INDEX(B30:N30,1,_xlpm.secondLastCol-1), IF(OR(_xlpm.secondLastCol=0,_xlpm.lastCol=0),"-",(_xlpm.lastVal-_xlpm.secondLastVal)/ABS(_xlpm.secondLastVal)) ),"-")} -> 0.35330027 | P30: =SUM(B30:N30) -> 31411
A31: Fleet Breakers | B31: 4/5 | C31: 4/12 | D31: 4/19 | E31: 4/26 | F31: 5/3 | G31: 5/10 | H31: 5/17 | I31: 5/24 | J31: 5/31 | K31: 6/7 | L31: 6/14 | M31: 6/21 | N31: 6/28 | O31: WoW% | P31: Total
A32: Wishlists | B32: =SUMIFS(Fleetbreakers_WL!$H:$H,Fleetbreakers_WL!$A:$A,">"&N14,Fleetbreakers_WL!$A:$A,"<="&B31) -> 8 | C32: =SUMIFS(Fleetbreakers_WL!$H:$H,Fleetbreakers_WL!$A:$A,">"&B31,Fleetbreakers_WL!$A:$A,"<="&C31) -> 8 | D32: =SUMIFS(Fleetbreakers_WL!$H:$H,Fleetbreakers_WL!$A:$A,">"&C31,Fleetbreakers_WL!$A:$A,"<="&D31) -> -4 | E32: =SUMIFS(Fleetbreakers_WL!$H:$H,Fleetbreakers_WL!$A:$A,">"&D31,Fleetbreakers_WL!$A:$A,"<="&E31) -> -2 | F32: =SUMIFS(Fleetbreakers_WL!$H:$H,Fleetbreakers_WL!$A:$A,">"&E31,Fleetbreakers_WL!$A:$A,"<="&F31) -> 15 | G32: =SUMIFS(Fleetbreakers_WL!$H:$H,Fleetbreakers_WL!$A:$A,">"&F31,Fleetbreakers_WL!$A:$A,"<="&G31) -> 0 | H32: =SUMIFS(Fleetbreakers_WL!$H:$H,Fleetbreakers_WL!$A:$A,">"&G31,Fleetbreakers_WL!$A:$A,"<="&H31) -> 0 | I32: =SUMIFS(Fleetbreakers_WL!$H:$H,Fleetbreakers_WL!$A:$A,">"&H31,Fleetbreakers_WL!$A:$A,"<="&I31) -> 0 | J32: =SUMIFS(Fleetbreakers_WL!$H:$H,Fleetbreakers_WL!$A:$A,">"&I31,Fleetbreakers_WL!$A:$A,"<="&J31) -> 0 | ... N32: =SUMIFS(Fleetbreakers_WL!$H:$H,Fleetbreakers_WL!$A:$A,">"&M31,Fleetbreakers_WL!$A:$A,"<="&N31) -> 0 | O32: {=IFERROR(_xlfn.LET( _xlpm.rng,B32:N32, _xlpm.lastCol,MAX(IF(ISNUMBER(_xlpm.rng)*(_xlpm.rng<>0),COLUMN(_xlpm.rng),0)), _xlpm.secondLastCol,MAX(IF((ISNUMBER(_xlpm.rng)*(_xlpm.rng<>0)*(COLUMN(_xlpm.rng)<_xlpm.lastCol)),COLUMN(_xlpm.rng),0)), _xlpm.lastVal,INDEX(B32:N32,1,_xlpm.lastCol-1), _xlpm.secondLastVal,INDEX(B32:N32,1,_xlpm.secondLastCol-1), IF(OR(_xlpm.secondLastCol=0,_xlpm.lastCol=0),"-",(_xlpm.lastVal-_xlpm.secondLastVal)/ABS(_xlpm.secondLastVal)) ),"-")} -> 8.5 | P32: =SUM(B32:N32) -> 25
A33: Impressions | B33: 3652 | C33: 3825 | D33: 5291 | E33: 4857 | F33: 6270 | G33: 0 | H33: 0 | I33: 0 | J33: 0 | K33: 0 | L33: 0 | M33: 0 | N33: 0 | O33: {=IFERROR(_xlfn.LET( _xlpm.rng,B33:N33, _xlpm.lastCol,MAX(IF(ISNUMBER(_xlpm.rng)*(_xlpm.rng<>0),COLUMN(_xlpm.rng),0)), _xlpm.secondLastCol,MAX(IF((ISNUMBER(_xlpm.rng)*(_xlpm.rng<>0)*(COLUMN(_xlpm.rng)<_xlpm.lastCol)),COLUMN(_xlpm.rng),0)), _xlpm.lastVal,INDEX(B33:N33,1,_xlpm.lastCol-1), _xlpm.secondLastVal,INDEX(B33:N33,1,_xlpm.secondLastCol-1), IF(OR(_xlpm.secondLastCol=0,_xlpm.lastCol=0),"-",(_xlpm.lastVal-_xlpm.secondLastVal)/ABS(_xlpm.secondLastVal)) ),"-")} -> 0.29092032 | P33: =SUM(B33:N33) -> 23895
A34: Visits | B34: 783 | C34: 790 | D34: 614 | E34: 891 | F34: 1106 | G34: 0 | H34: 0 | I34: 0 | J34: 0 | K34: 0 | L34: 0 | M34: 0 | N34: 0 | O34: {=IFERROR(_xlfn.LET( _xlpm.rng,B34:N34, _xlpm.lastCol,MAX(IF(ISNUMBER(_xlpm.rng)*(_xlpm.rng<>0),COLUMN(_xlpm.rng),0)), _xlpm.secondLastCol,MAX(IF((ISNUMBER(_xlpm.rng)*(_xlpm.rng<>0)*(COLUMN(_xlpm.rng)<_xlpm.lastCol)),COLUMN(_xlpm.rng),0)), _xlpm.lastVal,INDEX(B34:N34,1,_xlpm.lastCol-1), _xlpm.secondLastVal,INDEX(B34:N34,1,_xlpm.secondLastCol-1), IF(OR(_xlpm.secondLastCol=0,_xlpm.lastCol=0),"-",(_xlpm.lastVal-_xlpm.secondLastVal)/ABS(_xlpm.secondLastVal)) ),"-")} -> 0.24130191 | P34: =SUM(B34:N34) -> 4184
A35: Quarter 3 | P35: Quarter Totals
A36: Taival | B36: 7/4 | C36: 7/11 | D36: 7/18 | E36: 7/25 | F36: 8/1 | G36: 8/8 | H36: 8/15 | I36: 8/22 | J36: 8/29 | K36: 9/5 | L36: 9/12 | M36: 9/19 | N36: 9/26 | O36: WoW% | P36: Total
A37: Wishlists | B37: =SUMIF(Taival_WL!$A:$A,"<="&B36,Taival_WL!$H:$H)-SUMIF(Taival_WL!$A:$A,"<="&N19,Taival_WL!$H:$H) -> 0 | C37: =SUMIFS(Taival_WL!$H:$H,Taival_WL!$A:$A,">"&B36,Taival_WL!$A:$A,"<="&C36) -> 0 | D37: =SUMIFS(Taival_WL!$H:$H,Taival_WL!$A:$A,">"&C36,Taival_WL!$A:$A,"<="&D36) -> 0 | E37: =SUMIFS(Taival_WL!$H:$H,Taival_WL!$A:$A,">"&D36,Taival_WL!$A:$A,"<="&E36) -> 0 | F37: =SUMIFS(Taival_WL!$H:$H,Taival_WL!$A:$A,">"&E36,Taival_WL!$A:$A,"<="&F36) -> 0 | G37: =SUMIFS(Taival_WL!$H:$H,Taival_WL!$A:$A,">"&F36,Taival_WL!$A:$A,"<="&G36) -> 0 | H37: =SUMIFS(Taival_WL!$H:$H,Taival_WL!$A:$A,">"&G36,Taival_WL!$A:$A,"<="&H36) -> 0 | I37: =SUMIFS(Taival_WL!$H:$H,Taival_WL!$A:$A,">"&H36,Taival_WL!$A:$A,"<="&I36) -> 0 | J37: =SUMIFS(Taival_WL!$H:$H,Taival_WL!$A:$A,">"&I36,Taival_WL!$A:$A,"<="&J36) -> 0 | ... N37: =SUMIFS(Taival_WL!$H:$H,Taival_WL!$A:$A,">"&M36,Taival_WL!$A:$A,"<="&N36) -> 0 | O37: {=IFERROR(_xlfn.LET( _xlpm.rng,B37:N37, _xlpm.lastCol,MAX(IF(ISNUMBER(_xlpm.rng)*(_xlpm.rng<>0),COLUMN(_xlpm.rng),0)), _xlpm.secondLastCol,MAX(IF((ISNUMBER(_xlpm.rng)*(_xlpm.rng<>0)*(COLUMN(_xlpm.rng)<_xlpm.lastCol)),COLUMN(_xlpm.rng),0)), _xlpm.lastVal,INDEX(B37:N37,1,_xlpm.lastCol-1), _xlpm.secondLastVal,INDEX(B37:N37,1,_xlpm.secondLastCol-1), IF(OR(_xlpm.secondLastCol=0,_xlpm.lastCol=0),"-",(_xlpm.lastVal-_xlpm.secondLastVal)/ABS(_xlpm.secondLastVal)) ),"-")} -> - | P37: =SUM(B37:N37) -> 0
A38: Impressions | B38: 0 | C38: 0 | D38: 0 | E38: 0 | F38: 0 | G38: 0 | H38: 0 | I38: 0 | J38: 0 | K38: 0 | L38: 0 | M38: 0 | N38: 0 | O38: {=IFERROR(_xlfn.LET( _xlpm.rng,B38:N38, _xlpm.lastCol,MAX(IF(ISNUMBER(_xlpm.rng)*(_xlpm.rng<>0),COLUMN(_xlpm.rng),0)), _xlpm.secondLastCol,MAX(IF((ISNUMBER(_xlpm.rng)*(_xlpm.rng<>0)*(COLUMN(_xlpm.rng)<_xlpm.lastCol)),COLUMN(_xlpm.rng),0)), _xlpm.lastVal,INDEX(B38:N38,1,_xlpm.lastCol-1), _xlpm.secondLastVal,INDEX(B38:N38,1,_xlpm.secondLastCol-1), IF(OR(_xlpm.secondLastCol=0,_xlpm.lastCol=0),"-",(_xlpm.lastVal-_xlpm.secondLastVal)/ABS(_xlpm.secondLastVal)) ),"-")} -> - | P38: =SUM(B38:N38) -> 0
A39: Visits | B39: 0 | C39: 0 | D39: 0 | E39: 0 | F39: 0 | G39: 0 | H39: 0 | I39: 0 | J39: 0 | K39: 0 | L39: 0 | M39: 0 | N39: 0 | O39: {=IFERROR(_xlfn.LET( _xlpm.rng,B39:N39, _xlpm.lastCol,MAX(IF(ISNUMBER(_xlpm.rng)*(_xlpm.rng<>0),COLUMN(_xlpm.rng),0)), _xlpm.secondLastCol,MAX(IF((ISNUMBER(_xlpm.rng)*(_xlpm.rng<>0)*(COLUMN(_xlpm.rng)<_xlpm.lastCol)),COLUMN(_xlpm.rng),0)), _xlpm.lastVal,INDEX(B39:N39,1,_xlpm.lastCol-1), _xlpm.secondLastVal,INDEX(B39:N39,1,_xlpm.secondLastCol-1), IF(OR(_xlpm.secondLastCol=0,_xlpm.lastCol=0),"-",(_xlpm.lastVal-_xlpm.secondLastVal)/ABS(_xlpm.secondLastVal)) ),"-")} -> - | P39: =SUM(B39:N39) -> 0
A40: Colossus - Eternal Blight | B40: 7/4 | C40: 7/11 | D40: 7/18 | E40: 7/25 | F40: 8/1 | G40: 8/8 | H40: 8/15 | I40: 8/22 | J40: 8/29 | K40: 9/5 | L40: 9/12 | M40: 9/19 | N40: 9/26 | O40: WoW% | P40: Total
A41: Wishlists | B41: =SUMIF(Taival_WL!$A:$A,"<="&B40,Taival_WL!$H:$H)-SUMIF(Taival_WL!$A:$A,"<="&N23,Taival_WL!$H:$H) -> 0 | C41: =SUMIFS(Taival_WL!$H:$H,Taival_WL!$A:$A,">"&B40,Taival_WL!$A:$A,"<="&C40) -> 0 | D41: =SUMIFS(Taival_WL!$H:$H,Taival_WL!$A:$A,">"&C40,Taival_WL!$A:$A,"<="&D40) -> 0 | E41: =SUMIFS(Taival_WL!$H:$H,Taival_WL!$A:$A,">"&D40,Taival_WL!$A:$A,"<="&E40) -> 0 | F41: =SUMIFS(Taival_WL!$H:$H,Taival_WL!$A:$A,">"&E40,Taival_WL!$A:$A,"<="&F40) -> 0 | G41: =SUMIFS(Taival_WL!$H:$H,Taival_WL!$A:$A,">"&F40,Taival_WL!$A:$A,"<="&G40) -> 0 | H41: =SUMIFS(Taival_WL!$H:$H,Taival_WL!$A:$A,">"&G40,Taival_WL!$A:$A,"<="&H40) -> 0 | I41: =SUMIFS(Taival_WL!$H:$H,Taival_WL!$A:$A,">"&H40,Taival_WL!$A:$A,"<="&I40) -> 0 | J41: =SUMIFS(Taival_WL!$H:$H,Taival_WL!$A:$A,">"&I40,Taival_WL!$A:$A,"<="&J40) -> 0 | ... N41: =SUMIFS(Taival_WL!$H:$H,Taival_WL!$A:$A,">"&M40,Taival_WL!$A:$A,"<="&N40) -> 0 | O41: {=IFERROR(_xlfn.LET( _xlpm.rng,B41:N41, _xlpm.lastCol,MAX(IF(ISNUMBER(_xlpm.rng)*(_xlpm.rng<>0),COLUMN(_xlpm.rng),0)), _xlpm.secondLastCol,MAX(IF((ISNUMBER(_xlpm.rng)*(_xlpm.rng<>0)*(COLUMN(_xlpm.rng)<_xlpm.lastCol)),COLUMN(_xlpm.rng),0)), _xlpm.lastVal,INDEX(B41:N41,1,_xlpm.lastCol-1), _xlpm.secondLastVal,INDEX(B41:N41,1,_xlpm.secondLastCol-1), IF(OR(_xlpm.secondLastCol=0,_xlpm.lastCol=0),"-",(_xlpm.lastVal-_xlpm.secondLastVal)/ABS(_xlpm.secondLastVal)) ),"-")} -> - | P41: =SUM(B41:N41) -> 0
A42: Impressions | B42: 0 | C42: 0 | D42: 0 | E42: 0 | F42: 0 | G42: 0 | H42: 0 | I42: 0 | J42: 0 | K42: 0 | L42: 0 | M42: 0 | N42: 0 | O42: {=IFERROR(_xlfn.LET( _xlpm.rng,B42:N42, _xlpm.lastCol,MAX(IF(ISNUMBER(_xlpm.rng)*(_xlpm.rng<>0),COLUMN(_xlpm.rng),0)), _xlpm.secondLastCol,MAX(IF((ISNUMBER(_xlpm.rng)*(_xlpm.rng<>0)*(COLUMN(_xlpm.rng)<_xlpm.lastCol)),COLUMN(_xlpm.rng),0)), _xlpm.lastVal,INDEX(B42:N42,1,_xlpm.lastCol-1), _xlpm.secondLastVal,INDEX(B42:N42,1,_xlpm.secondLastCol-1), IF(OR(_xlpm.secondLastCol=0,_xlpm.lastCol=0),"-",(_xlpm.lastVal-_xlpm.secondLastVal)/ABS(_xlpm.secondLastVal)) ),"-")} -> - | P42: =SUM(B42:N42) -> 0
A43: Visits | B43: 0 | C43: 0 | D43: 0 | E43: 0 | F43: 0 | G43: 0 | H43: 0 | I43: 0 | J43: 0 | K43: 0 | L43: 0 | M43: 0 | N43: 0 | O43: {=IFERROR(_xlfn.LET( _xlpm.rng,B43:N43, _xlpm.lastCol,MAX(IF(ISNUMBER(_xlpm.rng)*(_xlpm.rng<>0),COLUMN(_xlpm.rng),0)), _xlpm.secondLastCol,MAX(IF((ISNUMBER(_xlpm.rng)*(_xlpm.rng<>0)*(COLUMN(_xlpm.rng)<_xlpm.lastCol)),COLUMN(_xlpm.rng),0)), _xlpm.lastVal,INDEX(B43:N43,1,_xlpm.lastCol-1), _xlpm.secondLastVal,INDEX(B43:N43,1,_xlpm.secondLastCol-1), IF(OR(_xlpm.secondLastCol=0,_xlpm.lastCol=0),"-",(_xlpm.lastVal-_xlpm.secondLastVal)/ABS(_xlpm.secondLastVal)) ),"-")} -> - | P43: =SUM(B43:N43) -> 0
A44: Petunia's Purgatory | B44: 7/4 | C44: 7/11 | D44: 7/18 | E44: 7/25 | F44: 8/1 | G44: 8/8 | H44: 8/15 | I44: 8/22 | J44: 8/29 | K44: 9/5 | L44: 9/12 | M44: 9/19 | N44: 9/26 | O44: WoW% | P44: Total
A45: Wishlists | B45: =SUMIF(Taival_WL!$A:$A,"<="&B44,Taival_WL!$H:$H)-SUMIF(Taival_WL!$A:$A,"<="&N27,Taival_WL!$H:$H) -> 0 | C45: =SUMIFS(Taival_WL!$H:$H,Taival_WL!$A:$A,">"&B44,Taival_WL!$A:$A,"<="&C44) -> 0 | D45: =SUMIFS(Taival_WL!$H:$H,Taival_WL!$A:$A,">"&C44,Taival_WL!$A:$A,"<="&D44) -> 0 | E45: =SUMIFS(Taival_WL!$H:$H,Taival_WL!$A:$A,">"&D44,Taival_WL!$A:$A,"<="&E44) -> 0 | F45: =SUMIFS(Taival_WL!$H:$H,Taival_WL!$A:$A,">"&E44,Taival_WL!$A:$A,"<="&F44) -> 0 | G45: =SUMIFS(Taival_WL!$H:$H,Taival_WL!$A:$A,">"&F44,Taival_WL!$A:$A,"<="&G44) -> 0 | H45: =SUMIFS(Taival_WL!$H:$H,Taival_WL!$A:$A,">"&G44,Taival_WL!$A:$A,"<="&H44) -> 0 | I45: =SUMIFS(Taival_WL!$H:$H,Taival_WL!$A:$A,">"&H44,Taival_WL!$A:$A,"<="&I44) -> 0 | J45: =SUMIFS(Taival_WL!$H:$H,Taival_WL!$A:$A,">"&I44,Taival_WL!$A:$A,"<="&J44) -> 0 | ... N45: =SUMIFS(Taival_WL!$H:$H,Taival_WL!$A:$A,">"&M44,Taival_WL!$A:$A,"<="&N44) -> 0 | O45: {=IFERROR(_xlfn.LET( _xlpm.rng,B45:N45, _xlpm.lastCol,MAX(IF(ISNUMBER(_xlpm.rng)*(_xlpm.rng<>0),COLUMN(_xlpm.rng),0)), _xlpm.secondLastCol,MAX(IF((ISNUMBER(_xlpm.rng)*(_xlpm.rng<>0)*(COLUMN(_xlpm.rng)<_xlpm.lastCol)),COLUMN(_xlpm.rng),0)), _xlpm.lastVal,INDEX(B45:N45,1,_xlpm.lastCol-1), _xlpm.secondLastVal,INDEX(B45:N45,1,_xlpm.secondLastCol-1), IF(OR(_xlpm.secondLastCol=0,_xlpm.lastCol=0),"-",(_xlpm.lastVal-_xlpm.secondLastVal)/ABS(_xlpm.secondLastVal)) ),"-")} -> - | P45: =SUM(B45:N45) -> 0
A46: Impressions | B46: 0 | C46: 0 | D46: 0 | E46: 0 | F46: 0 | G46: 0 | H46: 0 | I46: 0 | J46: 0 | K46: 0 | L46: 0 | M46: 0 | N46: 0 | O46: {=IFERROR(_xlfn.LET( _xlpm.rng,B46:N46, _xlpm.lastCol,MAX(IF(ISNUMBER(_xlpm.rng)*(_xlpm.rng<>0),COLUMN(_xlpm.rng),0)), _xlpm.secondLastCol,MAX(IF((ISNUMBER(_xlpm.rng)*(_xlpm.rng<>0)*(COLUMN(_xlpm.rng)<_xlpm.lastCol)),COLUMN(_xlpm.rng),0)), _xlpm.lastVal,INDEX(B46:N46,1,_xlpm.lastCol-1), _xlpm.secondLastVal,INDEX(B46:N46,1,_xlpm.secondLastCol-1), IF(OR(_xlpm.secondLastCol=0,_xlpm.lastCol=0),"-",(_xlpm.lastVal-_xlpm.secondLastVal)/ABS(_xlpm.secondLastVal)) ),"-")} -> - | P46: =SUM(B46:N46) -> 0
A47: Visits | B47: 0 | C47: 0 | D47: 0 | E47: 0 | F47: 0 | G47: 0 | H47: 0 | I47: 0 | J47: 0 | K47: 0 | L47: 0 | M47: 0 | N47: 0 | O47: {=IFERROR(_xlfn.LET( _xlpm.rng,B47:N47, _xlpm.lastCol,MAX(IF(ISNUMBER(_xlpm.rng)*(_xlpm.rng<>0),COLUMN(_xlpm.rng),0)), _xlpm.secondLastCol,MAX(IF((ISNUMBER(_xlpm.rng)*(_xlpm.rng<>0)*(COLUMN(_xlpm.rng)<_xlpm.lastCol)),COLUMN(_xlpm.rng),0)), _xlpm.lastVal,INDEX(B47:N47,1,_xlpm.lastCol-1), _xlpm.secondLastVal,INDEX(B47:N47,1,_xlpm.secondLastCol-1), IF(OR(_xlpm.secondLastCol=0,_xlpm.lastCol=0),"-",(_xlpm.lastVal-_xlpm.secondLastVal)/ABS(_xlpm.secondLastVal)) ),"-")} -> - | P47: =SUM(B47:N47) -> 0
A48: Fleet Breakers | B48: 7/4 | C48: 7/11 | D48: 7/18 | E48: 7/25 | F48: 8/1 | G48: 8/8 | H48: 8/15 | I48: 8/22 | J48: 8/29 | K48: 9/5 | L48: 9/12 | M48: 9/19 | N48: 9/26 | O48: WoW% | P48: Total
A49: Wishlists | B49: =SUMIF(Taival_WL!$A:$A,"<="&B48,Taival_WL!$H:$H)-SUMIF(Taival_WL!$A:$A,"<="&N31,Taival_WL!$H:$H) -> 0 | C49: =SUMIFS(Taival_WL!$H:$H,Taival_WL!$A:$A,">"&B48,Taival_WL!$A:$A,"<="&C48) -> 0 | D49: =SUMIFS(Taival_WL!$H:$H,Taival_WL!$A:$A,">"&C48,Taival_WL!$A:$A,"<="&D48) -> 0 | E49: =SUMIFS(Taival_WL!$H:$H,Taival_WL!$A:$A,">"&D48,Taival_WL!$A:$A,"<="&E48) -> 0 | F49: =SUMIFS(Taival_WL!$H:$H,Taival_WL!$A:$A,">"&E48,Taival_WL!$A:$A,"<="&F48) -> 0 | G49: =SUMIFS(Taival_WL!$H:$H,Taival_WL!$A:$A,">"&F48,Taival_WL!$A:$A,"<="&G48) -> 0 | H49: =SUMIFS(Taival_WL!$H:$H,Taival_WL!$A:$A,">"&G48,Taival_WL!$A:$A,"<="&H48) -> 0 | I49: =SUMIFS(Taival_WL!$H:$H,Taival_WL!$A:$A,">"&H48,Taival_WL!$A:$A,"<="&I48) -> 0 | J49: =SUMIFS(Taival_WL!$H:$H,Taival_WL!$A:$A,">"&I48,Taival_WL!$A:$A,"<="&J48) -> 0 | ... N49: =SUMIFS(Taival_WL!$H:$H,Taival_WL!$A:$A,">"&M48,Taival_WL!$A:$A,"<="&N48) -> 0 | O49: {=IFERROR(_xlfn.LET( _xlpm.rng,B49:N49, _xlpm.lastCol,MAX(IF(ISNUMBER(_xlpm.rng)*(_xlpm.rng<>0),COLUMN(_xlpm.rng),0)), _xlpm.secondLastCol,MAX(IF((ISNUMBER(_xlpm.rng)*(_xlpm.rng<>0)*(COLUMN(_xlpm.rng)<_xlpm.lastCol)),COLUMN(_xlpm.rng),0)), _xlpm.lastVal,INDEX(B49:N49,1,_xlpm.lastCol-1), _xlpm.secondLastVal,INDEX(B49:N49,1,_xlpm.secondLastCol-1), IF(OR(_xlpm.secondLastCol=0,_xlpm.lastCol=0),"-",(_xlpm.lastVal-_xlpm.secondLastVal)/ABS(_xlpm.secondLastVal)) ),"-")} -> - | P49: =SUM(B49:N49) -> 0
A50: Impressions | B50: 0 | C50: 0 | D50: 0 | E50: 0 | F50: 0 | G50: 0 | H50: 0 | I50: 0 | J50: 0 | K50: 0 | L50: 0 | M50: 0 | N50: 0 | O50: {=IFERROR(_xlfn.LET( _xlpm.rng,B50:N50, _xlpm.lastCol,MAX(IF(ISNUMBER(_xlpm.rng)*(_xlpm.rng<>0),COLUMN(_xlpm.rng),0)), _xlpm.secondLastCol,MAX(IF((ISNUMBER(_xlpm.rng)*(_xlpm.rng<>0)*(COLUMN(_xlpm.rng)<_xlpm.lastCol)),COLUMN(_xlpm.rng),0)), _xlpm.lastVal,INDEX(B50:N50,1,_xlpm.lastCol-1), _xlpm.secondLastVal,INDEX(B50:N50,1,_xlpm.secondLastCol-1), IF(OR(_xlpm.secondLastCol=0,_xlpm.lastCol=0),"-",(_xlpm.lastVal-_xlpm.secondLastVal)/ABS(_xlpm.secondLastVal)) ),"-")} -> - | P50: =SUM(B50:N50) -> 0
A51: Visits | B51: 0 | C51: 0 | D51: 0 | E51: 0 | F51: 0 | G51: 0 | H51: 0 | I51: 0 | J51: 0 | K51: 0 | L51: 0 | M51: 0 | N51: 0 | O51: {=IFERROR(_xlfn.LET( _xlpm.rng,B51:N51, _xlpm.lastCol,MAX(IF(ISNUMBER(_xlpm.rng)*(_xlpm.rng<>0),COLUMN(_xlpm.rng),0)), _xlpm.secondLastCol,MAX(IF((ISNUMBER(_xlpm.rng)*(_xlpm.rng<>0)*(COLUMN(_xlpm.rng)<_xlpm.lastCol)),COLUMN(_xlpm.rng),0)), _xlpm.lastVal,INDEX(B51:N51,1,_xlpm.lastCol-1), _xlpm.secondLastVal,INDEX(B51:N51,1,_xlpm.secondLastCol-1), IF(OR(_xlpm.secondLastCol=0,_xlpm.lastCol=0),"-",(_xlpm.lastVal-_xlpm.secondLastVal)/ABS(_xlpm.secondLastVal)) ),"-")} -> - | P51: =SUM(B51:N51) -> 0
A52: Quarter 4 | P52: Quarter Totals
A53: Taival | B53: 10/3 | C53: 10/10 | D53: 10/17 | E53: 10/24 | F53: 10/31 | G53: 11/7 | H53: 11/14 | I53: 11/21 | J53: 11/28 | K53: 12/5 | L53: 12/12 | M53: 12/19 | N53: 12/26 | O53: WoW% | P53: Total
A54: Wishlists | B54: =SUMIF(Taival_WL!$A:$A,"<="&B53,Taival_WL!$H:$H)-SUMIF(Taival_WL!$A:$A,"<="&N36,Taival_WL!$H:$H) -> 0 | C54: =SUMIFS(Taival_WL!$H:$H,Taival_WL!$A:$A,">"&B53,Taival_WL!$A:$A,"<="&C53) -> 0 | D54: =SUMIFS(Taival_WL!$H:$H,Taival_WL!$A:$A,">"&C53,Taival_WL!$A:$A,"<="&D53) -> 0 | E54: =SUMIFS(Taival_WL!$H:$H,Taival_WL!$A:$A,">"&D53,Taival_WL!$A:$A,"<="&E53) -> 0 | F54: =SUMIFS(Taival_WL!$H:$H,Taival_WL!$A:$A,">"&E53,Taival_WL!$A:$A,"<="&F53) -> 0 | G54: =SUMIFS(Taival_WL!$H:$H,Taival_WL!$A:$A,">"&F53,Taival_WL!$A:$A,"<="&G53) -> 0 | H54: =SUMIFS(Taival_WL!$H:$H,Taival_WL!$A:$A,">"&G53,Taival_WL!$A:$A,"<="&H53) -> 0 | I54: =SUMIFS(Taival_WL!$H:$H,Taival_WL!$A:$A,">"&H53,Taival_WL!$A:$A,"<="&I53) -> 0 | J54: =SUMIFS(Taival_WL!$H:$H,Taival_WL!$A:$A,">"&I53,Taival_WL!$A:$A,"<="&J53) -> 0 | ... N54: =SUMIFS(Taival_WL!$H:$H,Taival_WL!$A:$A,">"&M53,Taival_WL!$A:$A,"<="&N53) -> 0 | O54: {=IFERROR(_xlfn.LET( _xlpm.rng,B54:N54, _xlpm.lastCol,MAX(IF(ISNUMBER(_xlpm.rng)*(_xlpm.rng<>0),COLUMN(_xlpm.rng),0)), _xlpm.secondLastCol,MAX(IF((ISNUMBER(_xlpm.rng)*(_xlpm.rng<>0)*(COLUMN(_xlpm.rng)<_xlpm.lastCol)),COLUMN(_xlpm.rng),0)), _xlpm.lastVal,INDEX(B54:N54,1,_xlpm.lastCol-1), _xlpm.secondLastVal,INDEX(B54:N54,1,_xlpm.secondLastCol-1), IF(OR(_xlpm.secondLastCol=0,_xlpm.lastCol=0),"-",(_xlpm.lastVal-_xlpm.secondLastVal)/ABS(_xlpm.secondLastVal)) ),"-")} -> - | P54: =SUM(B54:N54) -> 0
A55: Impressions | B55: 0 | C55: 0 | D55: 0 | E55: 0 | F55: 0 | G55: 0 | H55: 0 | I55: 0 | J55: 0 | K55: 0 | L55: 0 | M55: 0 | N55: 0 | O55: {=IFERROR(_xlfn.LET( _xlpm.rng,B55:N55, _xlpm.lastCol,MAX(IF(ISNUMBER(_xlpm.rng)*(_xlpm.rng<>0),COLUMN(_xlpm.rng),0)), _xlpm.secondLastCol,MAX(IF((ISNUMBER(_xlpm.rng)*(_xlpm.rng<>0)*(COLUMN(_xlpm.rng)<_xlpm.lastCol)),COLUMN(_xlpm.rng),0)), _xlpm.lastVal,INDEX(B55:N55,1,_xlpm.lastCol-1), _xlpm.secondLastVal,INDEX(B55:N55,1,_xlpm.secondLastCol-1), IF(OR(_xlpm.secondLastCol=0,_xlpm.lastCol=0),"-",(_xlpm.lastVal-_xlpm.secondLastVal)/ABS(_xlpm.secondLastVal)) ),"-")} -> - | P55: =SUM(B55:N55) -> 0
A56: Visits | B56: 0 | C56: 0 | D56: 0 | E56: 0 | F56: 0 | G56: 0 | H56: 0 | I56: 0 | J56: 0 | K56: 0 | L56: 0 | M56: 0 | N56: 0 | O56: {=IFERROR(_xlfn.LET( _xlpm.rng,B56:N56, _xlpm.lastCol,MAX(IF(ISNUMBER(_xlpm.rng)*(_xlpm.rng<>0),COLUMN(_xlpm.rng),0)), _xlpm.secondLastCol,MAX(IF((ISNUMBER(_xlpm.rng)*(_xlpm.rng<>0)*(COLUMN(_xlpm.rng)<_xlpm.lastCol)),COLUMN(_xlpm.rng),0)), _xlpm.lastVal,INDEX(B56:N56,1,_xlpm.lastCol-1), _xlpm.secondLastVal,INDEX(B56:N56,1,_xlpm.secondLastCol-1), IF(OR(_xlpm.secondLastCol=0,_xlpm.lastCol=0),"-",(_xlpm.lastVal-_xlpm.secondLastVal)/ABS(_xlpm.secondLastVal)) ),"-")} -> - | P56: =SUM(B56:N56) -> 0
A57: Colossus - Eternal Blight | B57: 10/3 | C57: 10/10 | D57: 10/17 | E57: 10/24 | F57: 10/31 | G57: 11/7 | H57: 11/14 | I57: 11/21 | J57: 11/28 | K57: 12/5 | L57: 12/12 | M57: 12/19 | N57: 12/26 | O57: WoW% | P57: Total
A58: Wishlists | B58: =SUMIF(Taival_WL!$A:$A,"<="&B57,Taival_WL!$H:$H)-SUMIF(Taival_WL!$A:$A,"<="&N40,Taival_WL!$H:$H) -> 0 | C58: =SUMIFS(Taival_WL!$H:$H,Taival_WL!$A:$A,">"&B57,Taival_WL!$A:$A,"<="&C57) -> 0 | D58: =SUMIFS(Taival_WL!$H:$H,Taival_WL!$A:$A,">"&C57,Taival_WL!$A:$A,"<="&D57) -> 0 | E58: =SUMIFS(Taival_WL!$H:$H,Taival_WL!$A:$A,">"&D57,Taival_WL!$A:$A,"<="&E57) -> 0 | F58: =SUMIFS(Taival_WL!$H:$H,Taival_WL!$A:$A,">"&E57,Taival_WL!$A:$A,"<="&F57) -> 0 | G58: =SUMIFS(Taival_WL!$H:$H,Taival_WL!$A:$A,">"&F57,Taival_WL!$A:$A,"<="&G57) -> 0 | H58: =SUMIFS(Taival_WL!$H:$H,Taival_WL!$A:$A,">"&G57,Taival_WL!$A:$A,"<="&H57) -> 0 | I58: =SUMIFS(Taival_WL!$H:$H,Taival_WL!$A:$A,">"&H57,Taival_WL!$A:$A,"<="&I57) -> 0 | J58: =SUMIFS(Taival_WL!$H:$H,Taival_WL!$A:$A,">"&I57,Taival_WL!$A:$A,"<="&J57) -> 0 | ... N58: =SUMIFS(Taival_WL!$H:$H,Taival_WL!$A:$A,">"&M57,Taival_WL!$A:$A,"<="&N57) -> 0 | O58: {=IFERROR(_xlfn.LET( _xlpm.rng,B58:N58, _xlpm.lastCol,MAX(IF(ISNUMBER(_xlpm.rng)*(_xlpm.rng<>0),COLUMN(_xlpm.rng),0)), _xlpm.secondLastCol,MAX(IF((ISNUMBER(_xlpm.rng)*(_xlpm.rng<>0)*(COLUMN(_xlpm.rng)<_xlpm.lastCol)),COLUMN(_xlpm.rng),0)), _xlpm.lastVal,INDEX(B58:N58,1,_xlpm.lastCol-1), _xlpm.secondLastVal,INDEX(B58:N58,1,_xlpm.secondLastCol-1), IF(OR(_xlpm.secondLastCol=0,_xlpm.lastCol=0),"-",(_xlpm.lastVal-_xlpm.secondLastVal)/ABS(_xlpm.secondLastVal)) ),"-")} -> - | P58: =SUM(B58:N58) -> 0
A59: Impressions | B59: 0 | C59: 0 | D59: 0 | E59: 0 | F59: 0 | G59: 0 | H59: 0 | I59: 0 | J59: 0 | K59: 0 | L59: 0 | M59: 0 | N59: 0 | O59: {=IFERROR(_xlfn.LET( _xlpm.rng,B59:N59, _xlpm.lastCol,MAX(IF(ISNUMBER(_xlpm.rng)*(_xlpm.rng<>0),COLUMN(_xlpm.rng),0)), _xlpm.secondLastCol,MAX(IF((ISNUMBER(_xlpm.rng)*(_xlpm.rng<>0)*(COLUMN(_xlpm.rng)<_xlpm.lastCol)),COLUMN(_xlpm.rng),0)), _xlpm.lastVal,INDEX(B59:N59,1,_xlpm.lastCol-1), _xlpm.secondLastVal,INDEX(B59:N59,1,_xlpm.secondLastCol-1), IF(OR(_xlpm.secondLastCol=0,_xlpm.lastCol=0),"-",(_xlpm.lastVal-_xlpm.secondLastVal)/ABS(_xlpm.secondLastVal)) ),"-")} -> - | P59: =SUM(B59:N59) -> 0
A60: Visits | B60: 0 | C60: 0 | D60: 0 | E60: 0 | F60: 0 | G60: 0 | H60: 0 | I60: 0 | J60: 0 | K60: 0 | L60: 0 | M60: 0 | N60: 0 | O60: {=IFERROR(_xlfn.LET( _xlpm.rng,B60:N60, _xlpm.lastCol,MAX(IF(ISNUMBER(_xlpm.rng)*(_xlpm.rng<>0),COLUMN(_xlpm.rng),0)), _xlpm.secondLastCol,MAX(IF((ISNUMBER(_xlpm.rng)*(_xlpm.rng<>0)*(COLUMN(_xlpm.rng)<_xlpm.lastCol)),COLUMN(_xlpm.rng),0)), _xlpm.lastVal,INDEX(B60:N60,1,_xlpm.lastCol-1), _xlpm.secondLastVal,INDEX(B60:N60,1,_xlpm.secondLastCol-1), IF(OR(_xlpm.secondLastCol=0,_xlpm.lastCol=0),"-",(_xlpm.lastVal-_xlpm.secondLastVal)/ABS(_xlpm.secondLastVal)) ),"-")} -> - | P60: =SUM(B60:N60) -> 0
A61: Petunia's Purgatory | B61: 10/3 | C61: 10/10 | D61: 10/17 | E61: 10/24 | F61: 10/31 | G61: 11/7 | H61: 11/14 | I61: 11/21 | J61: 11/28 | K61: 12/5 | L61: 12/12 | M61: 12/19 | N61: 12/26 | O61: WoW% | P61: Total
A62: Wishlists | B62: =SUMIF(Taival_WL!$A:$A,"<="&B61,Taival_WL!$H:$H)-SUMIF(Taival_WL!$A:$A,"<="&N44,Taival_WL!$H:$H) -> 0 | C62: =SUMIFS(Taival_WL!$H:$H,Taival_WL!$A:$A,">"&B61,Taival_WL!$A:$A,"<="&C61) -> 0 | D62: =SUMIFS(Taival_WL!$H:$H,Taival_WL!$A:$A,">"&C61,Taival_WL!$A:$A,"<="&D61) -> 0 | E62: =SUMIFS(Taival_WL!$H:$H,Taival_WL!$A:$A,">"&D61,Taival_WL!$A:$A,"<="&E61) -> 0 | F62: =SUMIFS(Taival_WL!$H:$H,Taival_WL!$A:$A,">"&E61,Taival_WL!$A:$A,"<="&F61) -> 0 | G62: =SUMIFS(Taival_WL!$H:$H,Taival_WL!$A:$A,">"&F61,Taival_WL!$A:$A,"<="&G61) -> 0 | H62: =SUMIFS(Taival_WL!$H:$H,Taival_WL!$A:$A,">"&G61,Taival_WL!$A:$A,"<="&H61) -> 0 | I62: =SUMIFS(Taival_WL!$H:$H,Taival_WL!$A:$A,">"&H61,Taival_WL!$A:$A,"<="&I61) -> 0 | J62: =SUMIFS(Taival_WL!$H:$H,Taival_WL!$A:$A,">"&I61,Taival_WL!$A:$A,"<="&J61) -> 0 | ... N62: =SUMIFS(Taival_WL!$H:$H,Taival_WL!$A:$A,">"&M61,Taival_WL!$A:$A,"<="&N61) -> 0 | O62: {=IFERROR(_xlfn.LET( _xlpm.rng,B62:N62, _xlpm.lastCol,MAX(IF(ISNUMBER(_xlpm.rng)*(_xlpm.rng<>0),COLUMN(_xlpm.rng),0)), _xlpm.secondLastCol,MAX(IF((ISNUMBER(_xlpm.rng)*(_xlpm.rng<>0)*(COLUMN(_xlpm.rng)<_xlpm.lastCol)),COLUMN(_xlpm.rng),0)), _xlpm.lastVal,INDEX(B62:N62,1,_xlpm.lastCol-1), _xlpm.secondLastVal,INDEX(B62:N62,1,_xlpm.secondLastCol-1), IF(OR(_xlpm.secondLastCol=0,_xlpm.lastCol=0),"-",(_xlpm.lastVal-_xlpm.secondLastVal)/ABS(_xlpm.secondLastVal)) ),"-")} -> - | P62: =SUM(B62:N62) -> 0
A63: Impressions | B63: 0 | C63: 0 | D63: 0 | E63: 0 | F63: 0 | G63: 0 | H63: 0 | I63: 0 | J63: 0 | K63: 0 | L63: 0 | M63: 0 | N63: 0 | O63: {=IFERROR(_xlfn.LET( _xlpm.rng,B63:N63, _xlpm.lastCol,MAX(IF(ISNUMBER(_xlpm.rng)*(_xlpm.rng<>0),COLUMN(_xlpm.rng),0)), _xlpm.secondLastCol,MAX(IF((ISNUMBER(_xlpm.rng)*(_xlpm.rng<>0)*(COLUMN(_xlpm.rng)<_xlpm.lastCol)),COLUMN(_xlpm.rng),0)), _xlpm.lastVal,INDEX(B63:N63,1,_xlpm.lastCol-1), _xlpm.secondLastVal,INDEX(B63:N63,1,_xlpm.secondLastCol-1), IF(OR(_xlpm.secondLastCol=0,_xlpm.lastCol=0),"-",(_xlpm.lastVal-_xlpm.secondLastVal)/ABS(_xlpm.secondLastVal)) ),"-")} -> - | P63: =SUM(B63:N63) -> 0
A64: Visits | B64: 0 | C64: 0 | D64: 0 | E64: 0 | F64: 0 | G64: 0 | H64: 0 | I64: 0 | J64: 0 | K64: 0 | L64: 0 | M64: 0 | N64: 0 | O64: {=IFERROR(_xlfn.LET( _xlpm.rng,B64:N64, _xlpm.lastCol,MAX(IF(ISNUMBER(_xlpm.rng)*(_xlpm.rng<>0),COLUMN(_xlpm.rng),0)), _xlpm.secondLastCol,MAX(IF((ISNUMBER(_xlpm.rng)*(_xlpm.rng<>0)*(COLUMN(_xlpm.rng)<_xlpm.lastCol)),COLUMN(_xlpm.rng),0)), _xlpm.lastVal,INDEX(B64:N64,1,_xlpm.lastCol-1), _xlpm.secondLastVal,INDEX(B64:N64,1,_xlpm.secondLastCol-1), IF(OR(_xlpm.secondLastCol=0,_xlpm.lastCol=0),"-",(_xlpm.lastVal-_xlpm.secondLastVal)/ABS(_xlpm.secondLastVal)) ),"-")} -> - | P64: =SUM(B64:N64) -> 0
A65: Fleet Breakers | B65: 10/3 | C65: 10/10 | D65: 10/17 | E65: 10/24 | F65: 10/31 | G65: 11/7 | H65: 11/14 | I65: 11/21 | J65: 11/28 | K65: 12/5 | L65: 12/12 | M65: 12/19 | N65: 12/26 | O65: WoW% | P65: Total
A66: Wishlists | B66: =SUMIF(Taival_WL!$A:$A,"<="&B65,Taival_WL!$H:$H)-SUMIF(Taival_WL!$A:$A,"<="&N48,Taival_WL!$H:$H) -> 0 | C66: =SUMIFS(Taival_WL!$H:$H,Taival_WL!$A:$A,">"&B65,Taival_WL!$A:$A,"<="&C65) -> 0 | D66: =SUMIFS(Taival_WL!$H:$H,Taival_WL!$A:$A,">"&C65,Taival_WL!$A:$A,"<="&D65) -> 0 | E66: =SUMIFS(Taival_WL!$H:$H,Taival_WL!$A:$A,">"&D65,Taival_WL!$A:$A,"<="&E65) -> 0 | F66: =SUMIFS(Taival_WL!$H:$H,Taival_WL!$A:$A,">"&E65,Taival_WL!$A:$A,"<="&F65) -> 0 | G66: =SUMIFS(Taival_WL!$H:$H,Taival_WL!$A:$A,">"&F65,Taival_WL!$A:$A,"<="&G65) -> 0 | H66: =SUMIFS(Taival_WL!$H:$H,Taival_WL!$A:$A,">"&G65,Taival_WL!$A:$A,"<="&H65) -> 0 | I66: =SUMIFS(Taival_WL!$H:$H,Taival_WL!$A:$A,">"&H65,Taival_WL!$A:$A,"<="&I65) -> 0 | J66: =SUMIFS(Taival_WL!$H:$H,Taival_WL!$A:$A,">"&I65,Taival_WL!$A:$A,"<="&J65) -> 0 | ... N66: =SUMIFS(Taival_WL!$H:$H,Taival_WL!$A:$A,">"&M65,Taival_WL!$A:$A,"<="&N65) -> 0 | O66: {=IFERROR(_xlfn.LET( _xlpm.rng,B66:N66, _xlpm.lastCol,MAX(IF(ISNUMBER(_xlpm.rng)*(_xlpm.rng<>0),COLUMN(_xlpm.rng),0)), _xlpm.secondLastCol,MAX(IF((ISNUMBER(_xlpm.rng)*(_xlpm.rng<>0)*(COLUMN(_xlpm.rng)<_xlpm.lastCol)),COLUMN(_xlpm.rng),0)), _xlpm.lastVal,INDEX(B66:N66,1,_xlpm.lastCol-1), _xlpm.secondLastVal,INDEX(B66:N66,1,_xlpm.secondLastCol-1), IF(OR(_xlpm.secondLastCol=0,_xlpm.lastCol=0),"-",(_xlpm.lastVal-_xlpm.secondLastVal)/ABS(_xlpm.secondLastVal)) ),"-")} -> - | P66: =SUM(B66:N66) -> 0
A67: Impressions | B67: 0 | C67: 0 | D67: 0 | E67: 0 | F67: 0 | G67: 0 | H67: 0 | I67: 0 | J67: 0 | K67: 0 | L67: 0 | M67: 0 | N67: 0 | O67: {=IFERROR(_xlfn.LET( _xlpm.rng,B67:N67, _xlpm.lastCol,MAX(IF(ISNUMBER(_xlpm.rng)*(_xlpm.rng<>0),COLUMN(_xlpm.rng),0)), _xlpm.secondLastCol,MAX(IF((ISNUMBER(_xlpm.rng)*(_xlpm.rng<>0)*(COLUMN(_xlpm.rng)<_xlpm.lastCol)),COLUMN(_xlpm.rng),0)), _xlpm.lastVal,INDEX(B67:N67,1,_xlpm.lastCol-1), _xlpm.secondLastVal,INDEX(B67:N67,1,_xlpm.secondLastCol-1), IF(OR(_xlpm.secondLastCol=0,_xlpm.lastCol=0),"-",(_xlpm.lastVal-_xlpm.secondLastVal)/ABS(_xlpm.secondLastVal)) ),"-")} -> - | P67: =SUM(B67:N67) -> 0
A68: Visits | B68: 0 | C68: 0 | D68: 0 | E68: 0 | F68: 0 | G68: 0 | H68: 0 | I68: 0 | J68: 0 | K68: 0 | L68: 0 | M68: 0 | N68: 0 | O68: {=IFERROR(_xlfn.LET( _xlpm.rng,B68:N68, _xlpm.lastCol,MAX(IF(ISNUMBER(_xlpm.rng)*(_xlpm.rng<>0),COLUMN(_xlpm.rng),0)), _xlpm.secondLastCol,MAX(IF((ISNUMBER(_xlpm.rng)*(_xlpm.rng<>0)*(COLUMN(_xlpm.rng)<_xlpm.lastCol)),COLUMN(_xlpm.rng),0)), _xlpm.lastVal,INDEX(B68:N68,1,_xlpm.lastCol-1), _xlpm.secondLastVal,INDEX(B68:N68,1,_xlpm.secondLastCol-1), IF(OR(_xlpm.secondLastCol=0,_xlpm.lastCol=0),"-",(_xlpm.lastVal-_xlpm.secondLastVal)/ABS(_xlpm.secondLastVal)) ),"-")} -> - | P68: =SUM(B68:N68) -> 0
A70: Noor | B70: 1/4 | C70: 1/11 | D70: 1/18 | E70: 1/25 | F70: 2/1 | G70: 2/8 | H70: 2/15 | I70: 2/22 | J70: 3/1 | K70: 3/8 | L70: 3/15 | M70: 3/22 | N70: 3/29 | O70: WoW% | P70: Total
A71: Wishlists | B71: =SUMIF('Noor_WL'!$A:$A,"<="&B70,'Noor_WL'!$H:$H) | C71: =SUMIFS('Noor_WL'!$H:$H,'Noor_WL'!$A:$A,">"&B70,'Noor_WL'!$A:$A,"<="&C70) | D71: =SUMIFS('Noor_WL'!$H:$H,'Noor_WL'!$A:$A,">"&C70,'Noor_WL'!$A:$A,"<="&D70) | E71: =SUMIFS('Noor_WL'!$H:$H,'Noor_WL'!$A:$A,">"&D70,'Noor_WL'!$A:$A,"<="&E70) | F71: =SUMIFS('Noor_WL'!$H:$H,'Noor_WL'!$A:$A,">"&E70,'Noor_WL'!$A:$A,"<="&F70) | G71: =SUMIFS('Noor_WL'!$H:$H,'Noor_WL'!$A:$A,">"&F70,'Noor_WL'!$A:$A,"<="&G70) | H71: =SUMIFS('Noor_WL'!$H:$H,'Noor_WL'!$A:$A,">"&G70,'Noor_WL'!$A:$A,"<="&H70) | I71: =SUMIFS('Noor_WL'!$H:$H,'Noor_WL'!$A:$A,">"&H70,'Noor_WL'!$A:$A,"<="&I70) | J71: =SUMIFS('Noor_WL'!$H:$H,'Noor_WL'!$A:$A,">"&I70,'Noor_WL'!$A:$A,"<="&J70) | ... N71: =SUMIFS('Noor_WL'!$H:$H,'Noor_WL'!$A:$A,">"&M70,'Noor_WL'!$A:$A,"<="&N70) | P71: =SUM(B71:N71)
A72: Impressions | P72: =SUM(B72:N72)
A73: Visits | P73: =SUM(B73:N73)
A75: Noor | B75: 4/5 | C75: 4/12 | D75: 4/19 | E75: 4/26 | F75: 5/3 | G75: 5/10 | H75: 5/16 | I75: 5/23 | J75: 5/30 | K75: 6/6 | L75: 6/13 | M75: 6/20 | N75: 6/27 | O75: WoW% | P75: Total
A76: Wishlists | B76: =SUMIF('Noor_WL'!$A:$A,"<="&B75,'Noor_WL'!$H:$H) | C76: =SUMIFS('Noor_WL'!$H:$H,'Noor_WL'!$A:$A,">"&B75,'Noor_WL'!$A:$A,"<="&C75) | D76: =SUMIFS('Noor_WL'!$H:$H,'Noor_WL'!$A:$A,">"&C75,'Noor_WL'!$A:$A,"<="&D75) | E76: =SUMIFS('Noor_WL'!$H:$H,'Noor_WL'!$A:$A,">"&D75,'Noor_WL'!$A:$A,"<="&E75) | F76: =SUMIFS('Noor_WL'!$H:$H,'Noor_WL'!$A:$A,">"&E75,'Noor_WL'!$A:$A,"<="&F75) | G76: =SUMIFS('Noor_WL'!$H:$H,'Noor_WL'!$A:$A,">"&F75,'Noor_WL'!$A:$A,"<="&G75) | H76: =SUMIFS('Noor_WL'!$H:$H,'Noor_WL'!$A:$A,">"&G75,'Noor_WL'!$A:$A,"<="&H75) | I76: =SUMIFS('Noor_WL'!$H:$H,'Noor_WL'!$A:$A,">"&H75,'Noor_WL'!$A:$A,"<="&I75) | J76: =SUMIFS('Noor_WL'!$H:$H,'Noor_WL'!$A:$A,">"&I75,'Noor_WL'!$A:$A,"<="&J75) | ... N76: =SUMIFS('Noor_WL'!$H:$H,'Noor_WL'!$A:$A,">"&M75,'Noor_WL'!$A:$A,"<="&N75) | P76: =SUM(B76:N76)
A77: Impressions | B77: 4211 | C77: 6501 | D77: 8297 | E77: 4988 | F77: 2379 | P77: =SUM(B77:N77)
A78: Visits | B78: 864 | C78: 1173 | D78: 1299 | E78: 903 | F78: 550 | P78: =SUM(B78:N78)
A80: Noor | B80: 7/4 | C80: 7/11 | D80: 7/18 | E80: 7/25 | F80: 8/1 | G80: 8/8 | H80: 8/15 | I80: 8/22 | J80: 8/29 | K80: 9/5 | L80: 9/12 | M80: 9/19 | N80: 9/26 | O80: WoW% | P80: Total
A81: Wishlists | B81: =SUMIF('Noor_WL'!$A:$A,"<="&B80,'Noor_WL'!$H:$H) | C81: =SUMIFS('Noor_WL'!$H:$H,'Noor_WL'!$A:$A,">"&B80,'Noor_WL'!$A:$A,"<="&C80) | D81: =SUMIFS('Noor_WL'!$H:$H,'Noor_WL'!$A:$A,">"&C80,'Noor_WL'!$A:$A,"<="&D80) | E81: =SUMIFS('Noor_WL'!$H:$H,'Noor_WL'!$A:$A,">"&D80,'Noor_WL'!$A:$A,"<="&E80) | F81: =SUMIFS('Noor_WL'!$H:$H,'Noor_WL'!$A:$A,">"&E80,'Noor_WL'!$A:$A,"<="&F80) | G81: =SUMIFS('Noor_WL'!$H:$H,'Noor_WL'!$A:$A,">"&F80,'Noor_WL'!$A:$A,"<="&G80) | H81: =SUMIFS('Noor_WL'!$H:$H,'Noor_WL'!$A:$A,">"&G80,'Noor_WL'!$A:$A,"<="&H80) | I81: =SUMIFS('Noor_WL'!$H:$H,'Noor_WL'!$A:$A,">"&H80,'Noor_WL'!$A:$A,"<="&I80) | J81: =SUMIFS('Noor_WL'!$H:$H,'Noor_WL'!$A:$A,">"&I80,'Noor_WL'!$A:$A,"<="&J80) | ... N81: =SUMIFS('Noor_WL'!$H:$H,'Noor_WL'!$A:$A,">"&M80,'Noor_WL'!$A:$A,"<="&N80) | P81: =SUM(B81:N81)
A82: Impressions | P82: =SUM(B82:N82)
A83: Visits | P83: =SUM(B83:N83)
A85: Noor | B85: 10/3 | C85: 10/10 | D85: 10/17 | E85: 10/24 | F85: 10/31 | G85: 11/7 | H85: 11/14 | I85: 11/21 | J85: 11/28 | K85: 12/5 | L85: 12/12 | M85: 12/19 | N85: 12/26 | O85: WoW% | P85: Total
A86: Wishlists | B86: =SUMIF('Noor_WL'!$A:$A,"<="&B85,'Noor_WL'!$H:$H) | C86: =SUMIFS('Noor_WL'!$H:$H,'Noor_WL'!$A:$A,">"&B85,'Noor_WL'!$A:$A,"<="&C85) | D86: =SUMIFS('Noor_WL'!$H:$H,'Noor_WL'!$A:$A,">"&C85,'Noor_WL'!$A:$A,"<="&D85) | E86: =SUMIFS('Noor_WL'!$H:$H,'Noor_WL'!$A:$A,">"&D85,'Noor_WL'!$A:$A,"<="&E85) | F86: =SUMIFS('Noor_WL'!$H:$H,'Noor_WL'!$A:$A,">"&E85,'Noor_WL'!$A:$A,"<="&F85) | G86: =SUMIFS('Noor_WL'!$H:$H,'Noor_WL'!$A:$A,">"&F85,'Noor_WL'!$A:$A,"<="&G85) | H86: =SUMIFS('Noor_WL'!$H:$H,'Noor_WL'!$A:$A,">"&G85,'Noor_WL'!$A:$A,"<="&H85) | I86: =SUMIFS('Noor_WL'!$H:$H,'Noor_WL'!$A:$A,">"&H85,'Noor_WL'!$A:$A,"<="&I85) | J86: =SUMIFS('Noor_WL'!$H:$H,'Noor_WL'!$A:$A,">"&I85,'Noor_WL'!$A:$A,"<="&J85) | ... N86: =SUMIFS('Noor_WL'!$H:$H,'Noor_WL'!$A:$A,">"&M85,'Noor_WL'!$A:$A,"<="&N85) | P86: =SUM(B86:N86)
A87: Impressions | P87: =SUM(B87:N87)
A88: Visits | P88: =SUM(B88:N88)

Sheet Taival_WL
A1: DateLocal | B1: Game | C1: Adds | D1: Deletes | E1: Purchases And Activations | F1: Gifts | G1: Net Wishlist | H1: Weekly Net | I1: Monthly Net
A2: 46023 | B2: Taival | C2: 6 | D2: 2 | E2: 0 | F2: 0 | G2: =SUM(F2,E2,C2-D2) -> 4 | H2: =SUM(G2:G5) -> 4 | I2: =SUM(G2:G60) -> 47
A3: 46024 | B3: Taival | C3: 2 | D3: 4 | E3: 0 | F3: 0 | G3: =SUM(F3,E3,C3-D3) -> -2
A4: 46025 | B4: Taival | C4: 4 | D4: 0 | E4: 0 | F4: 0 | G4: =SUM(F4,E4,C4-D4) -> 4 | K4: Data CSV. To be added here
A5: 46026 | B5: Taival | C5: 1 | D5: 3 | E5: 0 | F5: 0 | G5: =SUM(F5,E5,C5-D5) -> -2
A6: 46027 | B6: Taival | C6: 2 | D6: 0 | E6: 0 | F6: 0 | G6: =SUM(F6,E6,C6-D6) -> 2 | H6: =SUM(G6:G12) -> 2
A7: 46028 | B7: Taival | C7: 2 | D7: 2 | E7: 0 | F7: 0 | G7: =SUM(F7,E7,C7-D7) -> 0
A8: 46029 | B8: Taival | C8: 0 | D8: 0 | E8: 0 | F8: 0 | G8: =SUM(F8,E8,C8-D8) -> 0
A9: 46030 | B9: Taival | C9: 2 | D9: 2 | E9: 0 | F9: 0 | G9: =SUM(F9,E9,C9-D9) -> 0
A10: 46031 | B10: Taival | C10: 1 | D10: 1 | E10: 0 | F10: 0 | G10: =SUM(F10,E10,C10-D10) -> 0
A11: 46032 | B11: Taival | C11: 2 | D11: 0 | E11: 0 | F11: 0 | G11: =SUM(F11,E11,C11-D11) -> 2
A12: 46033 | B12: Taival | C12: 0 | D12: 2 | E12: 0 | F12: 0 | G12: =SUM(F12,E12,C12-D12) -> -2
A13: 46034 | B13: Taival | C13: 2 | D13: 4 | E13: 0 | F13: 0 | G13: =SUM(F13,E13,C13-D13) -> -2 | H13: =SUM(G13:G19) -> 16
A14: 46035 | B14: Taival | C14: 4 | D14: 1 | E14: 0 | F14: 0 | G14: =SUM(F14,E14,C14-D14) -> 3
A15: 46036 | B15: Taival | C15: 4 | D15: 0 | E15: 0 | F15: 0 | G15: =SUM(F15,E15,C15-D15) -> 4
A16: 46037 | B16: Taival | C16: 4 | D16: 1 | E16: 0 | F16: 0 | G16: =SUM(F16,E16,C16-D16) -> 3
A17: 46038 | B17: Taival | C17: 2 | D17: 1 | E17: 0 | F17: 0 | G17: =SUM(F17,E17,C17-D17) -> 1
A18: 46039 | B18: Taival | C18: 6 | D18: 2 | E18: 0 | F18: 0 | G18: =SUM(F18,E18,C18-D18) -> 4
A19: 46040 | B19: Taival | C19: 7 | D19: 4 | E19: 0 | F19: 0 | G19: =SUM(F19,E19,C19-D19) -> 3
A20: 46041 | B20: Taival | C20: 2 | D20: 2 | E20: 0 | F20: 0 | G20: =SUM(F20,E20,C20-D20) -> 0 | H20: =SUM(G20:G26) -> 0
A21: 46042 | B21: Taival | C21: 4 | D21: 4 | E21: 0 | F21: 0 | G21: =SUM(F21,E21,C21-D21) -> 0
A22: 46043 | B22: Taival | C22: 1 | D22: 2 | E22: 0 | F22: 0 | G22: =SUM(F22,E22,C22-D22) -> -1
A23: 46044 | B23: Taival | C23: 2 | D23: 0 | E23: 0 | F23: 0 | G23: =SUM(F23,E23,C23-D23) -> 2
A24: 46045 | B24: Taival | C24: 1 | D24: 0 | E24: 0 | F24: 0 | G24: =SUM(F24,E24,C24-D24) -> 1
A25: 46046 | B25: Taival | C25: 2 | D25: 2 | E25: 0 | F25: 0 | G25: =SUM(F25,E25,C25-D25) -> 0
A26: 46047 | B26: Taival | C26: 2 | D26: 4 | E26: 0 | F26: 0 | G26: =SUM(F26,E26,C26-D26) -> -2
A27: 46048 | B27: Taival | C27: 1 | D27: 1 | E27: 0 | F27: 0 | G27: =SUM(F27,E27,C27-D27) -> 0 | H27: =SUM(G27:G33) -> -2
A28: 46049 | B28: Taival | C28: 3 | D28: 2 | E28: 1 | F28: 0 | G28: =SUM(F28,E28,C28-D28) -> 2
A29: 46050 | B29: Taival | C29: 2 | D29: 2 | E29: 0 | F29: 0 | G29: =SUM(F29,E29,C29-D29) -> 0
A30: 46051 | B30: Taival | C30: 2 | D30: 2 | E30: 0 | F30: 0 | G30: =SUM(F30,E30,C30-D30) -> 0
A31: 46052 | B31: Taival | C31: 0 | D31: 3 | E31: 0 | F31: 0 | G31: =SUM(F31,E31,C31-D31) -> -3
A32: 46053 | B32: Taival | C32: 1 | D32: 2 | E32: 0 | F32: 0 | G32: =SUM(F32,E32,C32-D32) -> -1
A33: 46054 | B33: Taival | C33: 1 | D33: 1 | E33: 0 | F33: 0 | G33: =SUM(F33,E33,C33-D33) -> 0
A34: 46055 | B34: Taival | C34: 0 | D34: 2 | E34: 0 | F34: 0 | G34: =SUM(F34,E34,C34-D34) -> -2 | H34: =SUM(G34:G40) -> -6
A35: 46056 | B35: Taival | C35: 2 | D35: 0 | E35: 0 | F35: 0 | G35: =SUM(F35,E35,C35-D35) -> 2
A36: 46057 | B36: Taival | C36: 0 | D36: 1 | E36: 0 | F36: 0 | G36: =SUM(F36,E36,C36-D36) -> -1
A37: 46058 | B37: Taival | C37: 1 | D37: 1 | E37: 0 | F37: 0 | G37: =SUM(F37,E37,C37-D37) -> 0
A38: 46059 | B38: Taival | C38: 2 | D38: 2 | E38: 0 | F38: 0 | G38: =SUM(F38,E38,C38-D38) -> 0
A39: 46060 | B39: Taival | C39: 0 | D39: 2 | E39: 0 | F39: 0 | G39: =SUM(F39,E39,C39-D39) -> -2
A40: 46061 | B40: Taival | C40: 1 | D40: 4 | E40: 0 | F40: 0 | G40: =SUM(F40,E40,C40-D40) -> -3
A41: 46062 | B41: Taival | C41: 1 | D41: 2 | E41: 0 | F41: 0 | G41: =SUM(F41,E41,C41-D41) -> -1 | H41: =SUM(G41:G47) -> 4
A42: 46063 | B42: Taival | C42: 3 | D42: 4 | E42: 0 | F42: 0 | G42: =SUM(F42,E42,C42-D42) -> -1
A43: 46064 | B43: Taival | C43: 5 | D43: 2 | E43: 0 | F43: 0 | G43: =SUM(F43,E43,C43-D43) -> 3
A44: 46065 | B44: Taival | C44: 1 | D44: 0 | E44: 0 | F44: 0 | G44: =SUM(F44,E44,C44-D44) -> 1
A45: 46066 | B45: Taival | C45: 0 | D45: 1 | E45: 0 | F45: 0 | G45: =SUM(F45,E45,C45-D45) -> -1
A46: 46067 | B46: Taival | C46: 4 | D46: 2 | E46: 0 | F46: 0 | G46: =SUM(F46,E46,C46-D46) -> 2
A47: 46068 | B47: Taival | C47: 1 | D47: 0 | E47: 0 | F47: 0 | G47: =SUM(F47,E47,C47-D47) -> 1
A48: 46069 | B48: Taival | C48: 12 | D48: 2 | E48: 0 | F48: 0 | G48: =SUM(F48,E48,C48-D48) -> 10 | H48: =SUM(G48:G54) -> 26
A49: 46070 | B49: Taival | C49: 3 | D49: 3 | E49: 0 | F49: 0 | G49: =SUM(F49,E49,C49-D49) -> 0
A50: 46071 | B50: Taival | C50: 7 | D50: 0 | E50: 0 | F50: 0 | G50: =SUM(F50,E50,C50-D50) -> 7
A51: 46072 | B51: Taival | C51: 5 | D51: 1 | E51: 0 | F51: 0 | G51: =SUM(F51,E51,C51-D51) -> 4
A52: 46073 | B52: Taival | C52: 4 | D52: 3 | E52: 0 | F52: 0 | G52: =SUM(F52,E52,C52-D52) -> 1
A53: 46074 | B53: Taival | C53: 4 | D53: 1 | E53: 0 | F53: 0 | G53: =SUM(F53,E53,C53-D53) -> 3
A54: 46075 | B54: Taival | C54: 3 | D54: 2 | E54: 0 | F54: 0 | G54: =SUM(F54,E54,C54-D54) -> 1
A55: 46076 | B55: Taival | C55: 5 | D55: 0 | E55: 0 | F55: 0 | G55: =SUM(F55,E55,C55-D55) -> 5 | H55: =SUM(G55:G61) -> 3
A56: 46077 | B56: Taival | C56: 1 | D56: 2 | E56: 0 | F56: 0 | G56: =SUM(F56,E56,C56-D56) -> -1
A57: 46078 | B57: Taival | C57: 3 | D57: 5 | E57: 0 | F57: 0 | G57: =SUM(F57,E57,C57-D57) -> -2
A58: 46079 | B58: Taival | C58: 1 | D58: 3 | E58: 0 | F58: 0 | G58: =SUM(F58,E58,C58-D58) -> -2
A59: 46080 | B59: Taival | C59: 4 | D59: 2 | E59: 0 | F59: 0 | G59: =SUM(F59,E59,C59-D59) -> 2
A60: 46081 | B60: Taival | C60: 2 | D60: 1 | E60: 0 | F60: 0 | G60: =SUM(F60,E60,C60-D60) -> 1
A61: 46082 | B61: Taival | C61: 2 | D61: 2 | E61: 0 | F61: 0 | G61: =SUM(F61,E61,C61-D61) -> 0 | I61: =SUM(G61:G91) -> 70
A62: 46083 | B62: Taival | C62: 5 | D62: 2 | E62: 0 | F62: 0 | G62: =SUM(F62,E62,C62-D62) -> 3 | H62: =SUM(G62:G68) -> 7
A63: 46084 | B63: Taival | C63: 3 | D63: 2 | E63: 0 | F63: 0 | G63: =SUM(F63,E63,C63-D63) -> 1
A64: 46085 | B64: Taival | C64: 3 | D64: 2 | E64: 0 | F64: 0 | G64: =SUM(F64,E64,C64-D64) -> 1
A65: 46086 | B65: Taival | C65: 2 | D65: 2 | E65: 1 | F65: 0 | G65: =SUM(F65,E65,C65-D65) -> 1
A66: 46087 | B66: Taival | C66: 1 | D66: 2 | E66: 0 | F66: 0 | G66: =SUM(F66,E66,C66-D66) -> -1
A67: 46088 | B67: Taival | C67: 5 | D67: 3 | E67: 0 | F67: 0 | G67: =SUM(F67,E67,C67-D67) -> 2
A68: 46089 | B68: Taival | C68: 2 | D68: 2 | E68: 0 | F68: 0 | G68: =SUM(F68,E68,C68-D68) -> 0
A69: 46090 | B69: Taival | C69: 1 | D69: 0 | E69: 0 | F69: 0 | G69: =SUM(F69,E69,C69-D69) -> 1 | H69: =SUM(G69:G75) -> 11
A70: 46091 | B70: Taival | C70: 5 | D70: 0 | E70: 0 | F70: 0 | G70: =SUM(F70,E70,C70-D70) -> 5
A71: 46092 | B71: Taival | C71: 2 | D71: 1 | E71: 0 | F71: 0 | G71: =SUM(F71,E71,C71-D71) -> 1
A72: 46093 | B72: Taival | C72: 3 | D72: 2 | E72: 0 | F72: 0 | G72: =SUM(F72,E72,C72-D72) -> 1
A73: 46094 | B73: Taival | C73: 3 | D73: 1 | E73: 0 | F73: 0 | G73: =SUM(F73,E73,C73-D73) -> 2
A74: 46095 | B74: Taival | C74: 3 | D74: 2 | E74: 0 | F74: 0 | G74: =SUM(F74,E74,C74-D74) -> 1
A75: 46096 | B75: Taival | C75: 3 | D75: 3 | E75: 0 | F75: 0 | G75: =SUM(F75,E75,C75-D75) -> 0
A76: 46097 | B76: Taival | C76: 3 | D76: 3 | E76: 0 | F76: 0 | G76: =SUM(F76,E76,C76-D76) -> 0 | H76: =SUM(G76:G82) -> 22
A77: 46098 | B77: Taival | C77: 3 | D77: 1 | E77: 0 | F77: 0 | G77: =SUM(F77,E77,C77-D77) -> 2
A78: 46099 | B78: Taival | C78: 4 | D78: 0 | E78: 0 | F78: 0 | G78: =SUM(F78,E78,C78-D78) -> 4
A79: 46100 | B79: Taival | C79: 3 | D79: 1 | E79: 0 | F79: 0 | G79: =SUM(F79,E79,C79-D79) -> 2
A80: 46101 | B80: Taival | C80: 8 | D80: 0 | E80: 0 | F80: 0 | G80: =SUM(F80,E80,C80-D80) -> 8
A81: 46102 | B81: Taival | C81: 5 | D81: 0 | E81: 0 | F81: 0 | G81: =SUM(F81,E81,C81-D81) -> 5
A82: 46103 | B82: Taival | C82: 1 | D82: 0 | E82: 0 | F82: 0 | G82: =SUM(F82,E82,C82-D82) -> 1
A83: 46104 | B83: Taival | C83: 11 | D83: 3 | E83: 0 | F83: 0 | G83: =SUM(F83,E83,C83-D83) -> 8 | H83: =SUM(G83:G89) -> 27
A84: 46105 | B84: Taival | C84: 5 | D84: 3 | E84: 0 | F84: 0 | G84: =SUM(F84,E84,C84-D84) -> 2
A85: 46106 | B85: Taival | C85: 3 | D85: 1 | E85: 0 | F85: 0 | G85: =SUM(F85,E85,C85-D85) -> 2
A86: 46107 | B86: Taival | C86: 3 | D86: 2 | E86: 0 | F86: 0 | G86: =SUM(F86,E86,C86-D86) -> 1
A87: 46108 | B87: Taival | C87: 4 | D87: 2 | E87: 0 | F87: 0 | G87: =SUM(F87,E87,C87-D87) -> 2
A88: 46109 | B88: Taival | C88: 8 | D88: 0 | E88: 0 | F88: 0 | G88: =SUM(F88,E88,C88-D88) -> 8
A89: 46110 | B89: Taival | C89: 6 | D89: 2 | E89: 0 | F89: 0 | G89: =SUM(F89,E89,C89-D89) -> 4
A90: 46111 | B90: Taival | C90: 5 | D90: 3 | E90: 0 | F90: 0 | G90: =SUM(F90,E90,C90-D90) -> 2 | H90: =SUM(G90:G96) -> 249
A91: 46112 | B91: Taival | C91: 1 | D91: 0 | E91: 0 | F91: 0 | G91: =SUM(F91,E91,C91-D91) -> 1
A92: 46113 | B92: Taival | C92: 5 | D92: 0 | E92: 0 | F92: 0 | G92: =SUM(F92,E92,C92-D92) -> 5
A93: 46114 | B93: Taival | C93: 111 | D93: 1 | E93: 0 | F93: 0 | G93: =SUM(F93,E93,C93-D93) -> 110
A94: 46115 | B94: Taival | C94: 68 | D94: 3 | E94: 0 | F94: 0 | G94: =SUM(F94,E94,C94-D94) -> 65
A95: 46116 | B95: Taival | C95: 33 | D95: 1 | E95: 0 | F95: 0 | G95: =SUM(F95,E95,C95-D95) -> 32
A96: 46117 | B96: Taival | C96: 37 | D96: 3 | E96: 0 | F96: 0 | G96: =SUM(F96,E96,C96-D96) -> 34
A97: 46118 | B97: Taival | C97: 41 | D97: 2 | E97: 0 | F97: 0 | G97: =SUM(F97,E97,C97-D97) -> 39 | H97: =SUM(G97:G103) -> 363
A98: 46119 | B98: Taival | C98: 45 | D98: 0 | E98: 0 | F98: 0 | G98: =SUM(F98,E98,C98-D98) -> 45
A99: 46120 | B99: Taival | C99: 15 | D99: 4 | E99: 0 | F99: 0 | G99: =SUM(F99,E99,C99-D99) -> 11
A100: 46121 | B100: Taival | C100: 107 | D100: 4 | E100: 0 | F100: 0 | G100: =SUM(F100,E100,C100-D100) -> 103
...

Sheet Colossus - Eternal Blight_WL
A1: DateLocal | B1: Game | C1: Adds | D1: Deletes | E1: Purchases And Activations | F1: Gifts | G1: Net Wishlist | H1: Weekly Net | I1: Monthly Net
A2: 46023 | B2: Colossus - Eternal Blight | C2: 6 | D2: 2 | E2: 0 | F2: 0 | G2: =SUM(F2,E2,C2-D2) -> 4 | H2: =SUM(G2:G5) -> 22
A3: 46024 | B3: Colossus - Eternal Blight | C3: 8 | D3: 1 | E3: 0 | F3: 0 | G3: =SUM(F3,E3,C3-D3) -> 7
A4: 46025 | B4: Colossus - Eternal Blight | C4: 5 | D4: 2 | E4: 0 | F4: 0 | G4: =SUM(F4,E4,C4-D4) -> 3
A5: 46026 | B5: Colossus - Eternal Blight | C5: 8 | D5: 0 | E5: 0 | F5: 0 | G5: =SUM(F5,E5,C5-D5) -> 8
A6: 46027 | B6: Colossus - Eternal Blight | C6: 7 | D6: 3 | E6: 0 | F6: 0 | G6: =SUM(F6,E6,C6-D6) -> 4 | H6: =SUM(G6:G12) -> 22
A7: 46028 | B7: Colossus - Eternal Blight | C7: 3 | D7: 0 | E7: 0 | F7: 0 | G7: =SUM(F7,E7,C7-D7) -> 3
A8: 46029 | B8: Colossus - Eternal Blight | C8: 2 | D8: 0 | E8: 0 | F8: 0 | G8: =SUM(F8,E8,C8-D8) -> 2 | K8: Data CSV. To be added here
A9: 46030 | B9: Colossus - Eternal Blight | C9: 3 | D9: 0 | E9: 0 | F9: 0 | G9: =SUM(F9,E9,C9-D9) -> 3
A10: 46031 | B10: Colossus - Eternal Blight | C10: 3 | D10: 1 | E10: 0 | F10: 0 | G10: =SUM(F10,E10,C10-D10) -> 2
A11: 46032 | B11: Colossus - Eternal Blight | C11: 5 | D11: 0 | E11: 0 | F11: 0 | G11: =SUM(F11,E11,C11-D11) -> 5
A12: 46033 | B12: Colossus - Eternal Blight | C12: 4 | D12: 1 | E12: 0 | F12: 0 | G12: =SUM(F12,E12,C12-D12) -> 3
A13: 46034 | B13: Colossus - Eternal Blight | C13: 6 | D13: 0 | E13: 0 | F13: 0 | G13: =SUM(F13,E13,C13-D13) -> 6 | H13: =SUM(G13:G19) -> 23
A14: 46035 | B14: Colossus - Eternal Blight | C14: 3 | D14: 2 | E14: 0 | F14: 0 | G14: =SUM(F14,E14,C14-D14) -> 1
A15: 46036 | B15: Colossus - Eternal Blight | C15: 4 | D15: 0 | E15: 0 | F15: 0 | G15: =SUM(F15,E15,C15-D15) -> 4
A16: 46037 | B16: Colossus - Eternal Blight | C16: 5 | D16: 1 | E16: 0 | F16: 0 | G16: =SUM(F16,E16,C16-D16) -> 4
A17: 46038 | B17: Colossus - Eternal Blight | C17: 4 | D17: 1 | E17: 0 | F17: 0 | G17: =SUM(F17,E17,C17-D17) -> 3
A18: 46039 | B18: Colossus - Eternal Blight | C18: 5 | D18: 1 | E18: 0 | F18: 0 | G18: =SUM(F18,E18,C18-D18) -> 4
A19: 46040 | B19: Colossus - Eternal Blight | C19: 1 | D19: 0 | E19: 0 | F19: 0 | G19: =SUM(F19,E19,C19-D19) -> 1
A20: 46041 | B20: Colossus - Eternal Blight | C20: 0 | D20: 1 | E20: 0 | F20: 0 | G20: =SUM(F20,E20,C20-D20) -> -1 | H20: =SUM(G20:G26) -> 20
A21: 46042 | B21: Colossus - Eternal Blight | C21: 5 | D21: 1 | E21: 0 | F21: 0 | G21: =SUM(F21,E21,C21-D21) -> 4
A22: 46043 | B22: Colossus - Eternal Blight | C22: 4 | D22: 0 | E22: 0 | F22: 0 | G22: =SUM(F22,E22,C22-D22) -> 4
A23: 46044 | B23: Colossus - Eternal Blight | C23: 7 | D23: 2 | E23: 0 | F23: 0 | G23: =SUM(F23,E23,C23-D23) -> 5
A24: 46045 | B24: Colossus - Eternal Blight | C24: 2 | D24: 1 | E24: 0 | F24: 0 | G24: =SUM(F24,E24,C24-D24) -> 1
A25: 46046 | B25: Colossus - Eternal Blight | C25: 4 | D25: 0 | E25: 0 | F25: 0 | G25: =SUM(F25,E25,C25-D25) -> 4
A26: 46047 | B26: Colossus - Eternal Blight | C26: 4 | D26: 1 | E26: 0 | F26: 0 | G26: =SUM(F26,E26,C26-D26) -> 3
A27: 46048 | B27: Colossus - Eternal Blight | C27: 3 | D27: 1 | E27: 0 | F27: 0 | G27: =SUM(F27,E27,C27-D27) -> 2 | H27: =SUM(G27:G33) -> 286
A28: 46049 | B28: Colossus - Eternal Blight | C28: 2 | D28: 1 | E28: 1 | F28: 0 | G28: =SUM(F28,E28,C28-D28) -> 2
A29: 46050 | B29: Colossus - Eternal Blight | C29: 119 | D29: 4 | E29: 0 | F29: 0 | G29: =SUM(F29,E29,C29-D29) -> 115
A30: 46051 | B30: Colossus - Eternal Blight | C30: 101 | D30: 2 | E30: 0 | F30: 0 | G30: =SUM(F30,E30,C30-D30) -> 99
A31: 46052 | B31: Colossus - Eternal Blight | C31: 27 | D31: 0 | E31: 0 | F31: 0 | G31: =SUM(F31,E31,C31-D31) -> 27
A32: 46053 | B32: Colossus - Eternal Blight | C32: 25 | D32: 1 | E32: 0 | F32: 0 | G32: =SUM(F32,E32,C32-D32) -> 24
A33: 46054 | B33: Colossus - Eternal Blight | C33: 18 | D33: 1 | E33: 0 | F33: 0 | G33: =SUM(F33,E33,C33-D33) -> 17
A34: 46055 | B34: Colossus - Eternal Blight | C34: 29 | D34: 0 | E34: 0 | F34: 0 | G34: =SUM(F34,E34,C34-D34) -> 29 | H34: =SUM(G34:G40) -> 90
A35: 46056 | B35: Colossus - Eternal Blight | C35: 16 | D35: 1 | E35: 0 | F35: 0 | G35: =SUM(F35,E35,C35-D35) -> 15
A36: 46057 | B36: Colossus - Eternal Blight | C36: 13 | D36: 0 | E36: 0 | F36: 0 | G36: =SUM(F36,E36,C36-D36) -> 13
A37: 46058 | B37: Colossus - Eternal Blight | C37: 12 | D37: 0 | E37: 0 | F37: 0 | G37: =SUM(F37,E37,C37-D37) -> 12
A38: 46059 | B38: Colossus - Eternal Blight | C38: 5 | D38: 3 | E38: 0 | F38: 0 | G38: =SUM(F38,E38,C38-D38) -> 2
A39: 46060 | B39: Colossus - Eternal Blight | C39: 9 | D39: 2 | E39: 0 | F39: 0 | G39: =SUM(F39,E39,C39-D39) -> 7
A40: 46061 | B40: Colossus - Eternal Blight | C40: 13 | D40: 1 | E40: 0 | F40: 0 | G40: =SUM(F40,E40,C40-D40) -> 12
A41: 46062 | B41: Colossus - Eternal Blight | C41: 9 | D41: 0 | E41: 0 | F41: 0 | G41: =SUM(F41,E41,C41-D41) -> 9 | H41: =SUM(G41:G47) -> 132
A42: 46063 | B42: Colossus - Eternal Blight | C42: 6 | D42: 0 | E42: 0 | F42: 0 | G42: =SUM(F42,E42,C42-D42) -> 6
A43: 46064 | B43: Colossus - Eternal Blight | C43: 33 | D43: 0 | E43: 0 | F43: 0 | G43: =SUM(F43,E43,C43-D43) -> 33
A44: 46065 | B44: Colossus - Eternal Blight | C44: 19 | D44: 1 | E44: 0 | F44: 0 | G44: =SUM(F44,E44,C44-D44) -> 18
A45: 46066 | B45: Colossus - Eternal Blight | C45: 12 | D45: 3 | E45: 0 | F45: 0 | G45: =SUM(F45,E45,C45-D45) -> 9
A46: 46067 | B46: Colossus - Eternal Blight | C46: 31 | D46: 2 | E46: 0 | F46: 0 | G46: =SUM(F46,E46,C46-D46) -> 29
A47: 46068 | B47: Colossus - Eternal Blight | C47: 28 | D47: 0 | E47: 0 | F47: 0 | G47: =SUM(F47,E47,C47-D47) -> 28
A48: 46069 | B48: Colossus - Eternal Blight | C48: 10 | D48: 2 | E48: 0 | F48: 0 | G48: =SUM(F48,E48,C48-D48) -> 8 | H48: =SUM(G48:G54) -> 54
A49: 46070 | B49: Colossus - Eternal Blight | C49: 8 | D49: 0 | E49: 0 | F49: 0 | G49: =SUM(F49,E49,C49-D49) -> 8
A50: 46071 | B50: Colossus - Eternal Blight | C50: 9 | D50: 2 | E50: 0 | F50: 0 | G50: =SUM(F50,E50,C50-D50) -> 7
A51: 46072 | B51: Colossus - Eternal Blight | C51: 7 | D51: 0 | E51: 0 | F51: 0 | G51: =SUM(F51,E51,C51-D51) -> 7
A52: 46073 | B52: Colossus - Eternal Blight | C52: 8 | D52: 1 | E52: 0 | F52: 0 | G52: =SUM(F52,E52,C52-D52) -> 7
A53: 46074 | B53: Colossus - Eternal Blight | C53: 10 | D53: 1 | E53: 0 | F53: 0 | G53: =SUM(F53,E53,C53-D53) -> 9
A54: 46075 | B54: Colossus - Eternal Blight | C54: 8 | D54: 0 | E54: 0 | F54: 0 | G54: =SUM(F54,E54,C54-D54) -> 8
A55: 46076 | B55: Colossus - Eternal Blight | C55: 11 | D55: 0 | E55: 0 | F55: 0 | G55: =SUM(F55,E55,C55-D55) -> 11 | H55: =SUM(G55:G61) -> 89
A56: 46077 | B56: Colossus - Eternal Blight | C56: 30 | D56: 2 | E56: 0 | F56: 0 | G56: =SUM(F56,E56,C56-D56) -> 28
A57: 46078 | B57: Colossus - Eternal Blight | C57: 12 | D57: 1 | E57: 0 | F57: 0 | G57: =SUM(F57,E57,C57-D57) -> 11
A58: 46079 | B58: Colossus - Eternal Blight | C58: 13 | D58: 2 | E58: 0 | F58: 0 | G58: =SUM(F58,E58,C58-D58) -> 11
A59: 46080 | B59: Colossus - Eternal Blight | C59: 16 | D59: 1 | E59: 0 | F59: 0 | G59: =SUM(F59,E59,C59-D59) -> 15
A60: 46081 | B60: Colossus - Eternal Blight | C60: 8 | D60: 2 | E60: 0 | F60: 0 | G60: =SUM(F60,E60,C60-D60) -> 6
A61: 46082 | B61: Colossus - Eternal Blight | C61: 10 | D61: 3 | E61: 0 | F61: 0 | G61: =SUM(F61,E61,C61-D61) -> 7
A62: 46083 | B62: Colossus - Eternal Blight | C62: 4 | D62: 1 | E62: 0 | F62: 0 | G62: =SUM(F62,E62,C62-D62) -> 3 | H62: =SUM(G62:G68) -> 69
A63: 46084 | B63: Colossus - Eternal Blight | C63: 6 | D63: 1 | E63: 0 | F63: 0 | G63: =SUM(F63,E63,C63-D63) -> 5
A64: 46085 | B64: Colossus - Eternal Blight | C64: 33 | D64: 0 | E64: 0 | F64: 0 | G64: =SUM(F64,E64,C64-D64) -> 33
A65: 46086 | B65: Colossus - Eternal Blight | C65: 10 | D65: 1 | E65: 0 | F65: 0 | G65: =SUM(F65,E65,C65-D65) -> 9
A66: 46087 | B66: Colossus - Eternal Blight | C66: 6 | D66: 2 | E66: 0 | F66: 0 | G66: =SUM(F66,E66,C66-D66) -> 4
A67: 46088 | B67: Colossus - Eternal Blight | C67: 6 | D67: 1 | E67: 0 | F67: 0 | G67: =SUM(F67,E67,C67-D67) -> 5
A68: 46089 | B68: Colossus - Eternal Blight | C68: 11 | D68: 1 | E68: 0 | F68: 0 | G68: =SUM(F68,E68,C68-D68) -> 10
A69: 46090 | B69: Colossus - Eternal Blight | C69: 2 | D69: 2 | E69: 0 | F69: 0 | G69: =SUM(F69,E69,C69-D69) -> 0 | H69: =SUM(G69:G75) -> 95
A70: 46091 | B70: Colossus - Eternal Blight | C70: 6 | D70: 1 | E70: 0 | F70: 0 | G70: =SUM(F70,E70,C70-D70) -> 5
A71: 46092 | B71: Colossus - Eternal Blight | C71: 2 | D71: 1 | E71: 0 | F71: 0 | G71: =SUM(F71,E71,C71-D71) -> 1
A72: 46093 | B72: Colossus - Eternal Blight | C72: 30 | D72: 1 | E72: 0 | F72: 0 | G72: =SUM(F72,E72,C72-D72) -> 29
A73: 46094 | B73: Colossus - Eternal Blight | C73: 32 | D73: 3 | E73: 0 | F73: 0 | G73: =SUM(F73,E73,C73-D73) -> 29
A74: 46095 | B74: Colossus - Eternal Blight | C74: 16 | D74: 0 | E74: 0 | F74: 0 | G74: =SUM(F74,E74,C74-D74) -> 16
A75: 46096 | B75: Colossus - Eternal Blight | C75: 17 | D75: 2 | E75: 0 | F75: 0 | G75: =SUM(F75,E75,C75-D75) -> 15
A76: 46097 | B76: Colossus - Eternal Blight | C76: 19 | D76: 2 | E76: 0 | F76: 0 | G76: =SUM(F76,E76,C76-D76) -> 17 | H76: =SUM(G76:G82) -> 218
A77: 46098 | B77: Colossus - Eternal Blight | C77: 21 | D77: 2 | E77: 0 | F77: 0 | G77: =SUM(F77,E77,C77-D77) -> 19
A78: 46099 | B78: Colossus - Eternal Blight | C78: 10 | D78: 4 | E78: 0 | F78: 0 | G78: =SUM(F78,E78,C78-D78) -> 6
A79: 46100 | B79: Colossus - Eternal Blight | C79: 22 | D79: 2 | E79: 0 | F79: 0 | G79: =SUM(F79,E79,C79-D79) -> 20
A80: 46101 | B80: Colossus - Eternal Blight | C80: 15 | D80: 3 | E80: 0 | F80: 0 | G80: =SUM(F80,E80,C80-D80) -> 12
A81: 46102 | B81: Colossus - Eternal Blight | C81: 58 | D81: 4 | E81: 0 | F81: 0 | G81: =SUM(F81,E81,C81-D81) -> 54
A82: 46103 | B82: Colossus - Eternal Blight | C82: 97 | D82: 7 | E82: 0 | F82: 0 | G82: =SUM(F82,E82,C82-D82) -> 90
A83: 46104 | B83: Colossus - Eternal Blight | C83: 7 | D83: 1 | E83: 0 | F83: 0 | G83: =SUM(F83,E83,C83-D83) -> 6 | H83: =SUM(G83:G89) -> 106
A84: 46105 | B84: Colossus - Eternal Blight | C84: 16 | D84: 1 | E84: 0 | F84: 0 | G84: =SUM(F84,E84,C84-D84) -> 15
A85: 46106 | B85: Colossus - Eternal Blight | C85: 27 | D85: 4 | E85: 0 | F85: 0 | G85: =SUM(F85,E85,C85-D85) -> 23
A86: 46107 | B86: Colossus - Eternal Blight | C86: 16 | D86: 0 | E86: 0 | F86: 0 | G86: =SUM(F86,E86,C86-D86) -> 16
A87: 46108 | B87: Colossus - Eternal Blight | C87: 18 | D87: 3 | E87: 0 | F87: 0 | G87: =SUM(F87,E87,C87-D87) -> 15
A88: 46109 | B88: Colossus - Eternal Blight | C88: 15 | D88: 1 | E88: 0 | F88: 0 | G88: =SUM(F88,E88,C88-D88) -> 14
A89: 46110 | B89: Colossus - Eternal Blight | C89: 17 | D89: 0 | E89: 0 | F89: 0 | G89: =SUM(F89,E89,C89-D89) -> 17
A90: 46111 | B90: Colossus - Eternal Blight | C90: 9 | D90: 0 | E90: 0 | F90: 0 | G90: =SUM(F90,E90,C90-D90) -> 9 | H90: =SUM(G90:G96) -> 83
A91: 46112 | B91: Colossus - Eternal Blight | C91: 9 | D91: 1 | E91: 0 | F91: 0 | G91: =SUM(F91,E91,C91-D91) -> 8
A92: 46113 | B92: Colossus - Eternal Blight | C92: 11 | D92: 1 | E92: 0 | F92: 0 | G92: =SUM(F92,E92,C92-D92) -> 10
A93: 46114 | B93: Colossus - Eternal Blight | C93: 31 | D93: 5 | E93: 0 | F93: 0 | G93: =SUM(F93,E93,C93-D93) -> 26
A94: 46115 | B94: Colossus - Eternal Blight | C94: 14 | D94: 0 | E94: 0 | F94: 0 | G94: =SUM(F94,E94,C94-D94) -> 14
A95: 46116 | B95: Colossus - Eternal Blight | C95: 7 | D95: 1 | E95: 0 | F95: 0 | G95: =SUM(F95,E95,C95-D95) -> 6
A96: 46117 | B96: Colossus - Eternal Blight | C96: 11 | D96: 1 | E96: 0 | F96: 0 | G96: =SUM(F96,E96,C96-D96) -> 10
A97: 46118 | B97: Colossus - Eternal Blight | C97: 7 | D97: 2 | E97: 0 | F97: 0 | G97: =SUM(F97,E97,C97-D97) -> 5 | H97: =SUM(G97:G103) -> 92
A98: 46119 | B98: Colossus - Eternal Blight | C98: 10 | D98: 1 | E98: 0 | F98: 0 | G98: =SUM(F98,E98,C98-D98) -> 9
A99: 46120 | B99: Colossus - Eternal Blight | C99: 10 | D99: 0 | E99: 0 | F99: 0 | G99: =SUM(F99,E99,C99-D99) -> 10
A100: 46121 | B100: Colossus - Eternal Blight | C100: 20 | D100: 2 | E100: 0 | F100: 0 | G100: =SUM(F100,E100,C100-D100) -> 18
...

Sheet Petunia's Purgatory_WL
A1: DateLocal | B1: Game | C1: Adds | D1: Deletes | E1: Purchases And Activations | F1: Gifts | G1: Net Wishlist | H1: Weekly Net | I1: Monthly Net
A2: 46023 | B2: Petunia's Purgatory | C2: 40 | D2: 2 | E2: 0 | F2: 0 | G2: =SUM(C2,E2,F2-D2) -> 38 | H2: =SUM(G2:G5) -> 155
A3: 46024 | B3: Petunia's Purgatory | C3: 78 | D3: 4 | E3: 0 | F3: 0 | G3: =SUM(C3,E3,F3-D3) -> 74
A4: 46025 | B4: Petunia's Purgatory | C4: 29 | D4: 2 | E4: 0 | F4: 0 | G4: =SUM(C4,E4,F4-D4) -> 27
A5: 46026 | B5: Petunia's Purgatory | C5: 16 | D5: 0 | E5: 0 | F5: 0 | G5: =SUM(C5,E5,F5-D5) -> 16
A6: 46027 | B6: Petunia's Purgatory | C6: 10 | D6: 1 | E6: 0 | F6: 0 | G6: =SUM(C6,E6,F6-D6) -> 9 | H6: =SUM(G6:G12) -> 36
A7: 46028 | B7: Petunia's Purgatory | C7: 8 | D7: 3 | E7: 0 | F7: 0 | G7: =SUM(C7,E7,F7-D7) -> 5
A8: 46029 | B8: Petunia's Purgatory | C8: 7 | D8: 0 | E8: 0 | F8: 0 | G8: =SUM(C8,E8,F8-D8) -> 7
A9: 46030 | B9: Petunia's Purgatory | C9: 4 | D9: 0 | E9: 0 | F9: 0 | G9: =SUM(C9,E9,F9-D9) -> 4
A10: 46031 | B10: Petunia's Purgatory | C10: 4 | D10: 0 | E10: 0 | F10: 0 | G10: =SUM(C10,E10,F10-D10) -> 4 | K10: Data CSV. To be added here
A11: 46032 | B11: Petunia's Purgatory | C11: 5 | D11: 0 | E11: 0 | F11: 0 | G11: =SUM(C11,E11,F11-D11) -> 5
A12: 46033 | B12: Petunia's Purgatory | C12: 2 | D12: 0 | E12: 0 | F12: 0 | G12: =SUM(C12,E12,F12-D12) -> 2
A13: 46034 | B13: Petunia's Purgatory | C13: 5 | D13: 1 | E13: 0 | F13: 0 | G13: =SUM(C13,E13,F13-D13) -> 4 | H13: =SUM(G13:G19) -> 16
A14: 46035 | B14: Petunia's Purgatory | C14: 4 | D14: 1 | E14: 0 | F14: 0 | G14: =SUM(C14,E14,F14-D14) -> 3
A15: 46036 | B15: Petunia's Purgatory | C15: 1 | D15: 0 | E15: 0 | F15: 0 | G15: =SUM(C15,E15,F15-D15) -> 1
A16: 46037 | B16: Petunia's Purgatory | C16: 3 | D16: 1 | E16: 0 | F16: 0 | G16: =SUM(C16,E16,F16-D16) -> 2
A17: 46038 | B17: Petunia's Purgatory | C17: 4 | D17: 1 | E17: 0 | F17: 0 | G17: =SUM(C17,E17,F17-D17) -> 3
A18: 46039 | B18: Petunia's Purgatory | C18: 1 | D18: 0 | E18: 0 | F18: 0 | G18: =SUM(C18,E18,F18-D18) -> 1
A19: 46040 | B19: Petunia's Purgatory | C19: 2 | D19: 0 | E19: 0 | F19: 0 | G19: =SUM(C19,E19,F19-D19) -> 2
A20: 46041 | B20: Petunia's Purgatory | C20: 2 | D20: 0 | E20: 0 | F20: 0 | G20: =SUM(C20,E20,F20-D20) -> 2 | H20: =SUM(G20:G26) -> 12
A21: 46042 | B21: Petunia's Purgatory | C21: 1 | D21: 0 | E21: 0 | F21: 0 | G21: =SUM(C21,E21,F21-D21) -> 1
A22: 46043 | B22: Petunia's Purgatory | C22: 6 | D22: 1 | E22: 0 | F22: 0 | G22: =SUM(C22,E22,F22-D22) -> 5
A23: 46044 | B23: Petunia's Purgatory | C23: 1 | D23: 1 | E23: 0 | F23: 0 | G23: =SUM(C23,E23,F23-D23) -> 0
A24: 46045 | B24: Petunia's Purgatory | C24: 3 | D24: 0 | E24: 0 | F24: 0 | G24: =SUM(C24,E24,F24-D24) -> 3
A25: 46046 | B25: Petunia's Purgatory | C25: 3 | D25: 1 | E25: 0 | F25: 0 | G25: =SUM(C25,E25,F25-D25) -> 2
A26: 46047 | B26: Petunia's Purgatory | C26: 0 | D26: 1 | E26: 0 | F26: 0 | G26: =SUM(C26,E26,F26-D26) -> -1
A27: 46048 | B27: Petunia's Purgatory | C27: 7 | D27: 1 | E27: 0 | F27: 0 | G27: =SUM(C27,E27,F27-D27) -> 6 | H27: =SUM(G27:G33) -> 23
A28: 46049 | B28: Petunia's Purgatory | C28: 0 | D28: 1 | E28: 0 | F28: 0 | G28: =SUM(C28,E28,F28-D28) -> -1
A29: 46050 | B29: Petunia's Purgatory | C29: 7 | D29: 0 | E29: 0 | F29: 0 | G29: =SUM(C29,E29,F29-D29) -> 7
A30: 46051 | B30: Petunia's Purgatory | C30: 4 | D30: 0 | E30: 0 | F30: 0 | G30: =SUM(C30,E30,F30-D30) -> 4
A31: 46052 | B31: Petunia's Purgatory | C31: 5 | D31: 0 | E31: 0 | F31: 0 | G31: =SUM(C31,E31,F31-D31) -> 5
A32: 46053 | B32: Petunia's Purgatory | C32: 2 | D32: 1 | E32: 0 | F32: 0 | G32: =SUM(C32,E32,F32-D32) -> 1
A33: 46054 | B33: Petunia's Purgatory | C33: 2 | D33: 2 | E33: 1 | F33: 0 | G33: =SUM(C33,E33,F33-D33) -> 1
A34: 46055 | B34: Petunia's Purgatory | C34: 8 | D34: 0 | E34: 0 | F34: 0 | G34: =SUM(C34,E34,F34-D34) -> 8 | H34: =SUM(G34:G40) -> 30
A35: 46056 | B35: Petunia's Purgatory | C35: 4 | D35: 1 | E35: 0 | F35: 0 | G35: =SUM(C35,E35,F35-D35) -> 3
A36: 46057 | B36: Petunia's Purgatory | C36: 6 | D36: 1 | E36: 0 | F36: 0 | G36: =SUM(C36,E36,F36-D36) -> 5
A37: 46058 | B37: Petunia's Purgatory | C37: 2 | D37: 0 | E37: 0 | F37: 0 | G37: =SUM(C37,E37,F37-D37) -> 2
A38: 46059 | B38: Petunia's Purgatory | C38: 4 | D38: 0 | E38: 0 | F38: 0 | G38: =SUM(C38,E38,F38-D38) -> 4
A39: 46060 | B39: Petunia's Purgatory | C39: 3 | D39: 1 | E39: 0 | F39: 0 | G39: =SUM(C39,E39,F39-D39) -> 2
A40: 46061 | B40: Petunia's Purgatory | C40: 6 | D40: 0 | E40: 0 | F40: 0 | G40: =SUM(C40,E40,F40-D40) -> 6
A41: 46062 | B41: Petunia's Purgatory | C41: 1 | D41: 1 | E41: 0 | F41: 0 | G41: =SUM(C41,E41,F41-D41) -> 0 | H41: =SUM(G41:G47) -> 29
A42: 46063 | B42: Petunia's Purgatory | C42: 3 | D42: 0 | E42: 0 | F42: 0 | G42: =SUM(C42,E42,F42-D42) -> 3
A43: 46064 | B43: Petunia's Purgatory | C43: 3 | D43: 0 | E43: 0 | F43: 0 | G43: =SUM(C43,E43,F43-D43) -> 3
A44: 46065 | B44: Petunia's Purgatory | C44: 12 | D44: 1 | E44: 0 | F44: 0 | G44: =SUM(C44,E44,F44-D44) -> 11
A45: 46066 | B45: Petunia's Purgatory | C45: 4 | D45: 0 | E45: 0 | F45: 0 | G45: =SUM(C45,E45,F45-D45) -> 4
A46: 46067 | B46: Petunia's Purgatory | C46: 5 | D46: 2 | E46: 0 | F46: 0 | G46: =SUM(C46,E46,F46-D46) -> 3
A47: 46068 | B47: Petunia's Purgatory | C47: 5 | D47: 0 | E47: 0 | F47: 0 | G47: =SUM(C47,E47,F47-D47) -> 5
A48: 46069 | B48: Petunia's Purgatory | C48: 2 | D48: 1 | E48: 0 | F48: 0 | G48: =SUM(C48,E48,F48-D48) -> 1 | H48: =SUM(G48:G54) -> 76
A49: 46070 | B49: Petunia's Purgatory | C49: 2 | D49: 0 | E49: 0 | F49: 0 | G49: =SUM(C49,E49,F49-D49) -> 2
A50: 46071 | B50: Petunia's Purgatory | C50: 4 | D50: 2 | E50: 0 | F50: 0 | G50: =SUM(C50,E50,F50-D50) -> 2
A51: 46072 | B51: Petunia's Purgatory | C51: 3 | D51: 1 | E51: 0 | F51: 0 | G51: =SUM(C51,E51,F51-D51) -> 2
A52: 46073 | B52: Petunia's Purgatory | C52: 4 | D52: 1 | E52: 0 | F52: 0 | G52: =SUM(C52,E52,F52-D52) -> 3
A53: 46074 | B53: Petunia's Purgatory | C53: 4 | D53: 0 | E53: 0 | F53: 0 | G53: =SUM(C53,E53,F53-D53) -> 4
A54: 46075 | B54: Petunia's Purgatory | C54: 63 | D54: 1 | E54: 0 | F54: 0 | G54: =SUM(C54,E54,F54-D54) -> 62
A55: 46076 | B55: Petunia's Purgatory | C55: 227 | D55: 9 | E55: 0 | F55: 0 | G55: =SUM(C55,E55,F55-D55) -> 218 | H55: =SUM(G55:G61) -> 959
A56: 46077 | B56: Petunia's Purgatory | C56: 263 | D56: 10 | E56: 0 | F56: 0 | G56: =SUM(C56,E56,F56-D56) -> 253
A57: 46078 | B57: Petunia's Purgatory | C57: 173 | D57: 10 | E57: 0 | F57: 0 | G57: =SUM(C57,E57,F57-D57) -> 163
A58: 46079 | B58: Petunia's Purgatory | C58: 96 | D58: 9 | E58: 0 | F58: 0 | G58: =SUM(C58,E58,F58-D58) -> 87
A59: 46080 | B59: Petunia's Purgatory | C59: 85 | D59: 5 | E59: 0 | F59: 0 | G59: =SUM(C59,E59,F59-D59) -> 80
A60: 46081 | B60: Petunia's Purgatory | C60: 96 | D60: 7 | E60: 0 | F60: 0 | G60: =SUM(C60,E60,F60-D60) -> 89
A61: 46082 | B61: Petunia's Purgatory | C61: 73 | D61: 4 | E61: 0 | F61: 0 | G61: =SUM(C61,E61,F61-D61) -> 69
A62: 46083 | B62: Petunia's Purgatory | C62: 16 | D62: 3 | E62: 0 | F62: 0 | G62: 13 | H62: =SUM(G62:G68) -> 37
A63: 46084 | B63: Petunia's Purgatory | C63: 8 | D63: 3 | E63: 0 | F63: 0 | G63: 5
A64: 46085 | B64: Petunia's Purgatory | C64: 8 | D64: 4 | E64: 1 | F64: 0 | G64: 4
A65: 46086 | B65: Petunia's Purgatory | C65: 8 | D65: 3 | E65: 0 | F65: 0 | G65: 5
A66: 46087 | B66: Petunia's Purgatory | C66: 3 | D66: 2 | E66: 0 | F66: 0 | G66: 1
A67: 46088 | B67: Petunia's Purgatory | C67: 8 | D67: 2 | E67: 0 | F67: 0 | G67: 6
A68: 46089 | B68: Petunia's Purgatory | C68: 3 | D68: 0 | E68: 0 | F68: 0 | G68: 3
A69: 46090 | B69: Petunia's Purgatory | C69: 8 | D69: 1 | E69: 0 | F69: 0 | G69: 7 | H69: =SUM(G69:G75) -> 24
A70: 46091 | B70: Petunia's Purgatory | C70: 6 | D70: 1 | E70: 0 | F70: 0 | G70: 5
A71: 46092 | B71: Petunia's Purgatory | C71: 5 | D71: 0 | E71: 0 | F71: 0 | G71: 5
A72: 46093 | B72: Petunia's Purgatory | C72: 3 | D72: 1 | E72: 0 | F72: 0 | G72: 2
A73: 46094 | B73: Petunia's Purgatory | C73: 3 | D73: 1 | E73: 0 | F73: 0 | G73: 2
A74: 46095 | B74: Petunia's Purgatory | C74: 3 | D74: 1 | E74: 0 | F74: 0 | G74: 2
A75: 46096 | B75: Petunia's Purgatory | C75: 2 | D75: 1 | E75: 0 | F75: 0 | G75: 1
A76: 46097 | B76: Petunia's Purgatory | C76: 1 | D76: 2 | E76: 0 | F76: 0 | G76: -1 | H76: =SUM(G76:G82) -> 11
A77: 46098 | B77: Petunia's Purgatory | C77: 1 | D77: 1 | E77: 0 | F77: 0 | G77: 0
A78: 46099 | B78: Petunia's Purgatory | C78: 1 | D78: 0 | E78: 0 | F78: 0 | G78: 1
A79: 46100 | B79: Petunia's Purgatory | C79: 5 | D79: 1 | E79: 0 | F79: 0 | G79: 4
A80: 46101 | B80: Petunia's Purgatory | C80: 4 | D80: 1 | E80: 0 | F80: 0 | G80: 3
A81: 46102 | B81: Petunia's Purgatory | C81: 3 | D81: 1 | E81: 0 | F81: 0 | G81: 2
A82: 46103 | B82: Petunia's Purgatory | C82: 2 | D82: 0 | E82: 0 | F82: 0 | G82: 2
A83: 46104 | B83: Petunia's Purgatory | C83: 6 | D83: 7 | E83: 0 | F83: 0 | G83: -1 | H83: =SUM(G83:G89) -> 17
A84: 46105 | B84: Petunia's Purgatory | C84: 5 | D84: 0 | E84: 0 | F84: 0 | G84: 5
A85: 46106 | B85: Petunia's Purgatory | C85: 3 | D85: 0 | E85: 0 | F85: 0 | G85: 3
A86: 46107 | B86: Petunia's Purgatory | C86: 1 | D86: 1 | E86: 0 | F86: 0 | G86: 0
A87: 46108 | B87: Petunia's Purgatory | C87: 0 | D87: 0 | E87: 0 | F87: 0 | G87: 4
A88: 46109 | B88: Petunia's Purgatory | C88: 4 | D88: 0 | E88: 0 | F88: 0 | G88: 3
A89: 46110 | B89: Petunia's Purgatory | C89: 3 | D89: 0 | E89: 0 | F89: 0 | G89: 3
A90: 46111 | B90: Petunia's Purgatory | C90: 3 | D90: 0 | E90: 0 | F90: 0 | G90: -1 | H90: =SUM(G90:G96) -> 41
A91: 46112 | B91: Petunia's Purgatory | C91: 1 | D91: 2 | E91: 0 | F91: 0 | G91: 3
A92: 46113 | B92: Petunia's Purgatory | C92: 4 | D92: 1 | E92: 0 | F92: 0 | G92: 12
A93: 46114 | B93: Petunia's Purgatory | C93: 13 | D93: 1 | E93: 0 | F93: 0 | G93: 1
A94: 46115 | B94: Petunia's Purgatory | C94: 3 | D94: 2 | E94: 0 | F94: 0 | G94: 8
A95: 46116 | B95: Petunia's Purgatory | C95: 10 | D95: 2 | E95: 0 | F95: 0 | G95: 4
A96: 46117 | B96: Petunia's Purgatory | C96: 6 | D96: 2 | E96: 0 | F96: 0 | G96: 14
A97: 46118 | B97: Petunia's Purgatory | C97: 15 | D97: 1 | E97: 0 | F97: 0 | G97: 17 | H97: =SUM(G97:G103) -> 35
A98: 46119 | B98: Petunia's Purgatory | C98: 17 | D98: 0 | E98: 0 | F98: 0 | G98: 1
A99: 46120 | B99: Petunia's Purgatory | C99: 2 | D99: 1 | E99: 0 | F99: 0 | G99: 9
A100: 46121 | B100: Petunia's Purgatory | C100: 9 | D100: 0 | E100: 0 | F100: 0 | G100: 1
...

Sheet Fleetbreakers_WL
A1: DateLocal | B1: Game | C1: Adds | D1: Deletes | E1: Purchases And Activations | F1: Gifts | G1: Net Wishlist | H1: Weekly Net | I1: Monthly Net
A2: 46023 | B2: Fleetbreakers | C2: 17 | D2: 0 | E2: 0 | F2: 0 | G2: =SUM(F2,E2,C2-D2) -> 17 | H2: =SUM(G2:G5) -> 49
A3: 46024 | B3: Fleetbreakers | C3: 16 | D3: 1 | E3: 0 | F3: 0 | G3: =SUM(F3,E3,C3-D3) -> 15
A4: 46025 | B4: Fleetbreakers | C4: 13 | D4: 4 | E4: 0 | F4: 0 | G4: =SUM(F4,E4,C4-D4) -> 9
A5: 46026 | B5: Fleetbreakers | C5: 9 | D5: 1 | E5: 0 | F5: 0 | G5: =SUM(F5,E5,C5-D5) -> 8
A6: 46027 | B6: Fleetbreakers | C6: 19 | D6: 1 | E6: 0 | F6: 0 | G6: =SUM(F6,E6,C6-D6) -> 18 | H6: =SUM(G6:G12) -> 76
A7: 46028 | B7: Fleetbreakers | C7: 12 | D7: 2 | E7: 0 | F7: 0 | G7: =SUM(F7,E7,C7-D7) -> 10
A8: 46029 | B8: Fleetbreakers | C8: 12 | D8: 3 | E8: 0 | F8: 0 | G8: =SUM(F8,E8,C8-D8) -> 9
A9: 46030 | B9: Fleetbreakers | C9: 13 | D9: 1 | E9: 0 | F9: 0 | G9: =SUM(F9,E9,C9-D9) -> 12 | K9: Data CSV. To be added here
A10: 46031 | B10: Fleetbreakers | C10: 12 | D10: 1 | E10: 0 | F10: 0 | G10: =SUM(F10,E10,C10-D10) -> 11
A11: 46032 | B11: Fleetbreakers | C11: 10 | D11: 1 | E11: 0 | F11: 0 | G11: =SUM(F11,E11,C11-D11) -> 9
A12: 46033 | B12: Fleetbreakers | C12: 11 | D12: 4 | E12: 0 | F12: 0 | G12: =SUM(F12,E12,C12-D12) -> 7
A13: 46034 | B13: Fleetbreakers | C13: 11 | D13: 4 | E13: 0 | F13: 0 | G13: =SUM(F13,E13,C13-D13) -> 7 | H13: =SUM(G13:G19) -> 138
A14: 46035 | B14: Fleetbreakers | C14: 6 | D14: 3 | E14: 0 | F14: 0 | G14: =SUM(F14,E14,C14-D14) -> 3
A15: 46036 | B15: Fleetbreakers | C15: 7 | D15: 3 | E15: 0 | F15: 0 | G15: =SUM(F15,E15,C15-D15) -> 4
A16: 46037 | B16: Fleetbreakers | C16: 63 | D16: 5 | E16: 0 | F16: 0 | G16: =SUM(F16,E16,C16-D16) -> 58
A17: 46038 | B17: Fleetbreakers | C17: 38 | D17: 0 | E17: 0 | F17: 0 | G17: =SUM(F17,E17,C17-D17) -> 38
A18: 46039 | B18: Fleetbreakers | C18: 15 | D18: 2 | E18: 0 | F18: 0 | G18: =SUM(F18,E18,C18-D18) -> 13
A19: 46040 | B19: Fleetbreakers | C19: 16 | D19: 1 | E19: 0 | F19: 0 | G19: =SUM(F19,E19,C19-D19) -> 15
A20: 46041 | B20: Fleetbreakers | C20: 14 | D20: 2 | E20: 0 | F20: 0 | G20: =SUM(F20,E20,C20-D20) -> 12 | H20: =SUM(G20:G26) -> 33
A21: 46042 | B21: Fleetbreakers | C21: 9 | D21: 3 | E21: 0 | F21: 0 | G21: =SUM(F21,E21,C21-D21) -> 6
A22: 46043 | B22: Fleetbreakers | C22: 6 | D22: 2 | E22: 0 | F22: 0 | G22: =SUM(F22,E22,C22-D22) -> 4
A23: 46044 | B23: Fleetbreakers | C23: 2 | D23: 2 | E23: 0 | F23: 0 | G23: =SUM(F23,E23,C23-D23) -> 0
A24: 46045 | B24: Fleetbreakers | C24: 3 | D24: 3 | E24: 0 | F24: 0 | G24: =SUM(F24,E24,C24-D24) -> 0
A25: 46046 | B25: Fleetbreakers | C25: 7 | D25: 3 | E25: 0 | F25: 0 | G25: =SUM(F25,E25,C25-D25) -> 4
A26: 46047 | B26: Fleetbreakers | C26: 7 | D26: 0 | E26: 0 | F26: 0 | G26: =SUM(F26,E26,C26-D26) -> 7
A27: 46048 | B27: Fleetbreakers | C27: 1 | D27: 2 | E27: 0 | F27: 0 | G27: =SUM(F27,E27,C27-D27) -> -1 | H27: =SUM(G27:G33) -> -2
A28: 46049 | B28: Fleetbreakers | C28: 1 | D28: 2 | E28: 0 | F28: 0 | G28: =SUM(F28,E28,C28-D28) -> -1
A29: 46050 | B29: Fleetbreakers | C29: 0 | D29: 1 | E29: 0 | F29: 0 | G29: =SUM(F29,E29,C29-D29) -> -1
A30: 46051 | B30: Fleetbreakers | C30: 2 | D30: 4 | E30: 0 | F30: 0 | G30: =SUM(F30,E30,C30-D30) -> -2
A31: 46052 | B31: Fleetbreakers | C31: 1 | D31: 1 | E31: 0 | F31: 0 | G31: =SUM(F31,E31,C31-D31) -> 0
A32: 46053 | B32: Fleetbreakers | C32: 2 | D32: 1 | E32: 0 | F32: 0 | G32: =SUM(F32,E32,C32-D32) -> 1
A33: 46054 | B33: Fleetbreakers | C33: 4 | D33: 2 | E33: 0 | F33: 0 | G33: =SUM(F33,E33,C33-D33) -> 2
A34: 46055 | B34: Fleetbreakers | C34: 3 | D34: 2 | E34: 0 | F34: 0 | G34: =SUM(F34,E34,C34-D34) -> 1 | H34: =SUM(G34:G40) -> 12
A35: 46056 | B35: Fleetbreakers | C35: 6 | D35: 2 | E35: 0 | F35: 0 | G35: =SUM(F35,E35,C35-D35) -> 4
A36: 46057 | B36: Fleetbreakers | C36: 0 | D36: 1 | E36: 0 | F36: 0 | G36: =SUM(F36,E36,C36-D36) -> -1
A37: 46058 | B37: Fleetbreakers | C37: 3 | D37: 2 | E37: 0 | F37: 0 | G37: =SUM(F37,E37,C37-D37) -> 1
A38: 46059 | B38: Fleetbreakers | C38: 5 | D38: 5 | E38: 0 | F38: 0 | G38: =SUM(F38,E38,C38-D38) -> 0
A39: 46060 | B39: Fleetbreakers | C39: 6 | D39: 3 | E39: 0 | F39: 0 | G39: =SUM(F39,E39,C39-D39) -> 3
A40: 46061 | B40: Fleetbreakers | C40: 5 | D40: 1 | E40: 0 | F40: 0 | G40: =SUM(F40,E40,C40-D40) -> 4
A41: 46062 | B41: Fleetbreakers | C41: 3 | D41: 0 | E41: 0 | F41: 0 | G41: =SUM(F41,E41,C41-D41) -> 3 | H41: =SUM(G41:G47) -> 1
A42: 46063 | B42: Fleetbreakers | C42: 3 | D42: 1 | E42: 0 | F42: 0 | G42: =SUM(F42,E42,C42-D42) -> 2
A43: 46064 | B43: Fleetbreakers | C43: 2 | D43: 3 | E43: 0 | F43: 0 | G43: =SUM(F43,E43,C43-D43) -> -1
A44: 46065 | B44: Fleetbreakers | C44: 0 | D44: 2 | E44: 0 | F44: 0 | G44: =SUM(F44,E44,C44-D44) -> -2
A45: 46066 | B45: Fleetbreakers | C45: 2 | D45: 2 | E45: 0 | F45: 0 | G45: =SUM(F45,E45,C45-D45) -> 0
A46: 46067 | B46: Fleetbreakers | C46: 3 | D46: 5 | E46: 0 | F46: 0 | G46: =SUM(F46,E46,C46-D46) -> -2
A47: 46068 | B47: Fleetbreakers | C47: 9 | D47: 8 | E47: 0 | F47: 0 | G47: =SUM(F47,E47,C47-D47) -> 1
A48: 46069 | B48: Fleetbreakers | C48: 2 | D48: 2 | E48: 0 | F48: 0 | G48: =SUM(F48,E48,C48-D48) -> 0 | H48: =SUM(G48:G54) -> 0
A49: 46070 | B49: Fleetbreakers | C49: 2 | D49: 2 | E49: 0 | F49: 0 | G49: =SUM(F49,E49,C49-D49) -> 0
A50: 46071 | B50: Fleetbreakers | C50: 0 | D50: 1 | E50: 0 | F50: 0 | G50: =SUM(F50,E50,C50-D50) -> -1
A51: 46072 | B51: Fleetbreakers | C51: 2 | D51: 0 | E51: 0 | F51: 0 | G51: =SUM(F51,E51,C51-D51) -> 2
A52: 46073 | B52: Fleetbreakers | C52: 2 | D52: 1 | E52: 0 | F52: 0 | G52: =SUM(F52,E52,C52-D52) -> 1
A53: 46074 | B53: Fleetbreakers | C53: 1 | D53: 2 | E53: 0 | F53: 0 | G53: =SUM(F53,E53,C53-D53) -> -1
A54: 46075 | B54: Fleetbreakers | C54: 1 | D54: 2 | E54: 0 | F54: 0 | G54: =SUM(F54,E54,C54-D54) -> -1
A55: 46076 | B55: Fleetbreakers | C55: 3 | D55: 4 | E55: 0 | F55: 0 | G55: =SUM(F55,E55,C55-D55) -> -1 | H55: =SUM(G55:G61) -> -14
A56: 46077 | B56: Fleetbreakers | C56: 1 | D56: 3 | E56: 0 | F56: 0 | G56: =SUM(F56,E56,C56-D56) -> -2
A57: 46078 | B57: Fleetbreakers | C57: 2 | D57: 3 | E57: 0 | F57: 0 | G57: =SUM(F57,E57,C57-D57) -> -1
A58: 46079 | B58: Fleetbreakers | C58: 1 | D58: 2 | E58: 0 | F58: 0 | G58: =SUM(F58,E58,C58-D58) -> -1
A59: 46080 | B59: Fleetbreakers | C59: 4 | D59: 4 | E59: 0 | F59: 0 | G59: =SUM(F59,E59,C59-D59) -> 0
A60: 46081 | B60: Fleetbreakers | C60: 1 | D60: 7 | E60: 0 | F60: 0 | G60: =SUM(F60,E60,C60-D60) -> -6
A61: 46082 | B61: Fleetbreakers | C61: 0 | D61: 3 | E61: 0 | F61: 0 | G61: =SUM(F61,E61,C61-D61) -> -3
A62: 46083 | B62: Fleetbreakers | C62: 3 | D62: 1 | E62: 0 | F62: 0 | G62: =SUM(F62,E62,C62-D62) -> 2 | H62: =SUM(G62:G68) -> 5
A63: 46084 | B63: Fleetbreakers | C63: 4 | D63: 1 | E63: 2 | F63: 0 | G63: =SUM(F63,E63,C63-D63) -> 5
A64: 46085 | B64: Fleetbreakers | C64: 1 | D64: 4 | E64: 0 | F64: 0 | G64: =SUM(F64,E64,C64-D64) -> -3
A65: 46086 | B65: Fleetbreakers | C65: 0 | D65: 1 | E65: 0 | F65: 0 | G65: =SUM(F65,E65,C65-D65) -> -1
A66: 46087 | B66: Fleetbreakers | C66: 2 | D66: 0 | E66: 0 | F66: 0 | G66: =SUM(F66,E66,C66-D66) -> 2
A67: 46088 | B67: Fleetbreakers | C67: 4 | D67: 2 | E67: 0 | F67: 0 | G67: =SUM(F67,E67,C67-D67) -> 2
A68: 46089 | B68: Fleetbreakers | C68: 0 | D68: 2 | E68: 0 | F68: 0 | G68: =SUM(F68,E68,C68-D68) -> -2
A69: 46090 | B69: Fleetbreakers | C69: 2 | D69: 1 | E69: 0 | F69: 0 | G69: =SUM(F69,E69,C69-D69) -> 1 | H69: =SUM(G69:G75) -> 1
A70: 46091 | B70: Fleetbreakers | C70: 1 | D70: 1 | E70: 0 | F70: 0 | G70: =SUM(F70,E70,C70-D70) -> 0
A71: 46092 | B71: Fleetbreakers | C71: 2 | D71: 3 | E71: 0 | F71: 0 | G71: =SUM(F71,E71,C71-D71) -> -1
A72: 46093 | B72: Fleetbreakers | C72: 1 | D72: 1 | E72: 0 | F72: 0 | G72: =SUM(F72,E72,C72-D72) -> 0
A73: 46094 | B73: Fleetbreakers | C73: 1 | D73: 1 | E73: 0 | F73: 0 | G73: =SUM(F73,E73,C73-D73) -> 0
A74: 46095 | B74: Fleetbreakers | C74: 0 | D74: 0 | E74: 0 | F74: 0 | G74: =SUM(F74,E74,C74-D74) -> 0
A75: 46096 | B75: Fleetbreakers | C75: 1 | D75: 0 | E75: 0 | F75: 0 | G75: =SUM(F75,E75,C75-D75) -> 1
A76: 46097 | B76: Fleetbreakers | C76: 2 | D76: 1 | E76: 0 | F76: 0 | G76: =SUM(F76,E76,C76-D76) -> 1 | H76: =SUM(G76:G82) -> -5
A77: 46098 | B77: Fleetbreakers | C77: 0 | D77: 1 | E77: 0 | F77: 0 | G77: =SUM(F77,E77,C77-D77) -> -1
A78: 46099 | B78: Fleetbreakers | C78: 0 | D78: 0 | E78: 0 | F78: 0 | G78: =SUM(F78,E78,C78-D78) -> 0
A79: 46100 | B79: Fleetbreakers | C79: 0 | D79: 1 | E79: 0 | F79: 0 | G79: =SUM(F79,E79,C79-D79) -> -1
A80: 46101 | B80: Fleetbreakers | C80: 0 | D80: 2 | E80: 0 | F80: 0 | G80: =SUM(F80,E80,C80-D80) -> -2
A81: 46102 | B81: Fleetbreakers | C81: 2 | D81: 4 | E81: 0 | F81: 0 | G81: =SUM(F81,E81,C81-D81) -> -2
A82: 46103 | B82: Fleetbreakers | C82: 1 | D82: 1 | E82: 0 | F82: 0 | G82: =SUM(F82,E82,C82-D82) -> 0
A83: 46104 | B83: Fleetbreakers | C83: 1 | D83: 1 | E83: 0 | F83: 0 | G83: =SUM(F83,E83,C83-D83) -> 0 | H83: =SUM(G83:G89) -> -2
A84: 46105 | B84: Fleetbreakers | C84: 1 | D84: 3 | E84: 0 | F84: 0 | G84: =SUM(F84,E84,C84-D84) -> -2
A85: 46106 | B85: Fleetbreakers | C85: 0 | D85: 1 | E85: 0 | F85: 0 | G85: =SUM(F85,E85,C85-D85) -> -1
A86: 46107 | B86: Fleetbreakers | C86: 0 | D86: 1 | E86: 0 | F86: 0 | G86: =SUM(F86,E86,C86-D86) -> -1
A87: 46108 | B87: Fleetbreakers | C87: 3 | D87: 2 | E87: 0 | F87: 0 | G87: =SUM(F87,E87,C87-D87) -> 1
A88: 46109 | B88: Fleetbreakers | C88: 4 | D88: 2 | E88: 0 | F88: 0 | G88: =SUM(F88,E88,C88-D88) -> 2
A89: 46110 | B89: Fleetbreakers | C89: 1 | D89: 2 | E89: 0 | F89: 0 | G89: =SUM(F89,E89,C89-D89) -> -1
A90: 46111 | B90: Fleetbreakers | C90: 0 | D90: 0 | E90: 0 | F90: 0 | G90: =SUM(F90,E90,C90-D90) -> 0 | H90: =SUM(G90:G96) -> 8
A91: 46112 | B91: Fleetbreakers | C91: 2 | D91: 0 | E91: 0 | F91: 0 | G91: =SUM(F91,E91,C91-D91) -> 2
A92: 46113 | B92: Fleetbreakers | C92: 5 | D92: 3 | E92: 0 | F92: 0 | G92: =SUM(F92,E92,C92-D92) -> 2
A93: 46114 | B93: Fleetbreakers | C93: 9 | D93: 1 | E93: 0 | F93: 0 | G93: =SUM(F93,E93,C93-D93) -> 8
A94: 46115 | B94: Fleetbreakers | C94: 1 | D94: 0 | E94: 0 | F94: 0 | G94: =SUM(F94,E94,C94-D94) -> 1
A95: 46116 | B95: Fleetbreakers | C95: 0 | D95: 2 | E95: 0 | F95: 0 | G95: =SUM(F95,E95,C95-D95) -> -2
A96: 46117 | B96: Fleetbreakers | C96: 1 | D96: 4 | E96: 0 | F96: 0 | G96: =SUM(F96,E96,C96-D96) -> -3
A97: 46118 | B97: Fleetbreakers | C97: 1 | D97: 2 | E97: 0 | F97: 0 | G97: =SUM(F97,E97,C97-D97) -> -1 | H97: =SUM(G97:G103) -> 8
A98: 46119 | B98: Fleetbreakers | C98: 1 | D98: 0 | E98: 0 | F98: 0 | G98: =SUM(F98,E98,C98-D98) -> 1
A99: 46120 | B99: Fleetbreakers | C99: 1 | D99: 2 | E99: 0 | F99: 0 | G99: =SUM(F99,E99,C99-D99) -> -1
A100: 46121 | B100: Fleetbreakers | C100: 7 | D100: 2 | E100: 0 | F100: 0 | G100: =SUM(F100,E100,C100-D100) -> 5
...

Sheet Dashboard
A1: 🎮 Steam Games Dashboard | L1: All Games
L2: Taival
A3: Select Game: | B3: All Games | L3: Colossus
L4: Petunia's Purgatory
A5: Total Wishlists | C5: Avg Visit→Wishlist | E5: Last Week Velocity | G5: Total Impressions | L5: Fleet Breakers
A6: =IF($B$3="All Games",'Consolidated KPI'!B24+'Consolidated KPI'!C24+'Consolidated KPI'!D24+'Consolidated KPI'!E24,IF($B$3="Taival",'Consolidated KPI'!B24,IF($B$3="Colossus",'Consolidated KPI'!C24,IF($B$3="Putania's Purgatory",'Consolidated KPI'!D24,IF($B$3="Fleet Breakers",'Consolidated KPI'!E24,""))))) -> 9775 | C6: =IF($B$3="All Games",A6/('Consolidated KPI'!B26+'Consolidated KPI'!C26+'Consolidated KPI'!D26+'Consolidated KPI'!E26),IF($B$3="Taival",'Consolidated KPI'!B24/'Consolidated KPI'!B26,IF($B$3="Colossus",'Consolidated KPI'!C24/'Consolidated KPI'!C26,IF($B$3="Putania's Purgatory",'Consolidated KPI'!D24/'Consolidated KPI'!D26,IF($B$3="Fleet Breakers",'Consolidated KPI'!E24/'Consolidated KPI'!E26,""))))) -> 0.078358598 | E6: =IF($B$3="All Games",'Consolidated KPI'!Q2+'Consolidated KPI'!Q6+'Consolidated KPI'!Q10+'Consolidated KPI'!Q14,IF($B$3="Taival",'Consolidated KPI'!Q2,IF($B$3="Colossus",'Consolidated KPI'!Q6,IF($B$3="Putania's Purgatory",'Consolidated KPI'!Q10,IF($B$3="Fleet Breakers",'Consolidated KPI'!Q14,""))))) -> 987 | G6: =IF($B$3="All Games",'Consolidated KPI'!B25+'Consolidated KPI'!C25+'Consolidated KPI'!D25+'Consolidated KPI'!E25,IF($B$3="Taival",'Consolidated KPI'!B25,IF($B$3="Colossus",'Consolidated KPI'!C25,IF($B$3="Putania's Purgatory",'Consolidated KPI'!D25,IF($B$3="Fleet Breakers",'Consolidated KPI'!E25,""))))) -> 501956 | L6: Noor
A8: 📊 Weekly Wishlists
A9: Week | B9: =IF($B$3="All Games","All Games",$B$3) -> All Games | C9: =IF($B$3="All Games","Taival","") -> Taival | D9: =IF($B$3="All Games","Colossus","") -> Colossus | E9: =IF($B$3="All Games","Putania's Purgatory","") -> Putania's Purgatory | F9: =IF($B$3="All Games","Fleet Breakers","") -> Fleet Breakers
A10: ='Consolidated KPI'!B1 -> 46026 | B10: =IF($B$3="All Games",'Consolidated KPI'!B2+'Consolidated KPI'!B6+'Consolidated KPI'!B10+'Consolidated KPI'!B14,IF($B$3="Taival",'Consolidated KPI'!B2,IF($B$3="Colossus",'Consolidated KPI'!B6,IF($B$3="Putania's Purgatory",'Consolidated KPI'!B10,IF($B$3="Fleet Breakers",'Consolidated KPI'!B14,""))))) -> 230 | C10: =IF($B$3="All Games",'Consolidated KPI'!B2,"") -> 4 | D10: =IF($B$3="All Games",'Consolidated KPI'!B6,"") -> 22 | E10: =IF($B$3="All Games",'Consolidated KPI'!B10,"") -> 155 | F10: =IF($B$3="All Games",'Consolidated KPI'!B14,"") -> 49
A11: ='Consolidated KPI'!C1 -> 46033 | B11: =IF($B$3="All Games",'Consolidated KPI'!C2+'Consolidated KPI'!C6+'Consolidated KPI'!C10+'Consolidated KPI'!C14,IF($B$3="Taival",'Consolidated KPI'!C2,IF($B$3="Colossus",'Consolidated KPI'!C6,IF($B$3="Putania's Purgatory",'Consolidated KPI'!C10,IF($B$3="Fleet Breakers",'Consolidated KPI'!C14,""))))) -> 136 | C11: =IF($B$3="All Games",'Consolidated KPI'!C2,"") -> 2 | D11: =IF($B$3="All Games",'Consolidated KPI'!C6,"") -> 22 | E11: =IF($B$3="All Games",'Consolidated KPI'!C10,"") -> 36 | F11: =IF($B$3="All Games",'Consolidated KPI'!C14,"") -> 76
A12: ='Consolidated KPI'!D1 -> 46040 | B12: =IF($B$3="All Games",'Consolidated KPI'!D2+'Consolidated KPI'!D6+'Consolidated KPI'!D10+'Consolidated KPI'!D14,IF($B$3="Taival",'Consolidated KPI'!D2,IF($B$3="Colossus",'Consolidated KPI'!D6,IF($B$3="Putania's Purgatory",'Consolidated KPI'!D10,IF($B$3="Fleet Breakers",'Consolidated KPI'!D14,""))))) -> 193 | C12: =IF($B$3="All Games",'Consolidated KPI'!D2,"") -> 16 | D12: =IF($B$3="All Games",'Consolidated KPI'!D6,"") -> 23 | E12: =IF($B$3="All Games",'Consolidated KPI'!D10,"") -> 16 | F12: =IF($B$3="All Games",'Consolidated KPI'!D14,"") -> 138
A13: ='Consolidated KPI'!E1 -> 46047 | B13: =IF($B$3="All Games",'Consolidated KPI'!E2+'Consolidated KPI'!E6+'Consolidated KPI'!E10+'Consolidated KPI'!E14,IF($B$3="Taival",'Consolidated KPI'!E2,IF($B$3="Colossus",'Consolidated KPI'!E6,IF($B$3="Putania's Purgatory",'Consolidated KPI'!E10,IF($B$3="Fleet Breakers",'Consolidated KPI'!E14,""))))) -> 65 | C13: =IF($B$3="All Games",'Consolidated KPI'!E2,"") -> 0 | D13: =IF($B$3="All Games",'Consolidated KPI'!E6,"") -> 20 | E13: =IF($B$3="All Games",'Consolidated KPI'!E10,"") -> 12 | F13: =IF($B$3="All Games",'Consolidated KPI'!E14,"") -> 33
A14: ='Consolidated KPI'!F1 -> 46054 | B14: =IF($B$3="All Games",'Consolidated KPI'!F2+'Consolidated KPI'!F6+'Consolidated KPI'!F10+'Consolidated KPI'!F14,IF($B$3="Taival",'Consolidated KPI'!F2,IF($B$3="Colossus",'Consolidated KPI'!F6,IF($B$3="Putania's Purgatory",'Consolidated KPI'!F10,IF($B$3="Fleet Breakers",'Consolidated KPI'!F14,""))))) -> 305 | C14: =IF($B$3="All Games",'Consolidated KPI'!F2,"") -> -2 | D14: =IF($B$3="All Games",'Consolidated KPI'!F6,"") -> 286 | E14: =IF($B$3="All Games",'Consolidated KPI'!F10,"") -> 23 | F14: =IF($B$3="All Games",'Consolidated KPI'!F14,"") -> -2
A15: ='Consolidated KPI'!G1 -> 46061 | B15: =IF($B$3="All Games",'Consolidated KPI'!G2+'Consolidated KPI'!G6+'Consolidated KPI'!G10+'Consolidated KPI'!G14,IF($B$3="Taival",'Consolidated KPI'!G2,IF($B$3="Colossus",'Consolidated KPI'!G6,IF($B$3="Putania's Purgatory",'Consolidated KPI'!G10,IF($B$3="Fleet Breakers",'Consolidated KPI'!G14,""))))) -> 126 | C15: =IF($B$3="All Games",'Consolidated KPI'!G2,"") -> -6 | D15: =IF($B$3="All Games",'Consolidated KPI'!G6,"") -> 90 | E15: =IF($B$3="All Games",'Consolidated KPI'!G10,"") -> 30 | F15: =IF($B$3="All Games",'Consolidated KPI'!G14,"") -> 12
A16: ='Consolidated KPI'!H1 -> 46068 | B16: =IF($B$3="All Games",'Consolidated KPI'!H2+'Consolidated KPI'!H6+'Consolidated KPI'!H10+'Consolidated KPI'!H14,IF($B$3="Taival",'Consolidated KPI'!H2,IF($B$3="Colossus",'Consolidated KPI'!H6,IF($B$3="Putania's Purgatory",'Consolidated KPI'!H10,IF($B$3="Fleet Breakers",'Consolidated KPI'!H14,""))))) -> 166 | C16: =IF($B$3="All Games",'Consolidated KPI'!H2,"") -> 4 | D16: =IF($B$3="All Games",'Consolidated KPI'!H6,"") -> 132 | E16: =IF($B$3="All Games",'Consolidated KPI'!H10,"") -> 29 | F16: =IF($B$3="All Games",'Consolidated KPI'!H14,"") -> 1
A17: ='Consolidated KPI'!I1 -> 46075 | B17: =IF($B$3="All Games",'Consolidated KPI'!I2+'Consolidated KPI'!I6+'Consolidated KPI'!I10+'Consolidated KPI'!I14,IF($B$3="Taival",'Consolidated KPI'!I2,IF($B$3="Colossus",'Consolidated KPI'!I6,IF($B$3="Putania's Purgatory",'Consolidated KPI'!I10,IF($B$3="Fleet Breakers",'Consolidated KPI'!I14,""))))) -> 156 | C17: =IF($B$3="All Games",'Consolidated KPI'!I2,"") -> 26 | D17: =IF($B$3="All Games",'Consolidated KPI'!I6,"") -> 54 | E17: =IF($B$3="All Games",'Consolidated KPI'!I10,"") -> 76 | F17: =IF($B$3="All Games",'Consolidated KPI'!I14,"") -> 0
A18: ='Consolidated KPI'!J1 -> 46082 | B18: =IF($B$3="All Games",'Consolidated KPI'!J2+'Consolidated KPI'!J6+'Consolidated KPI'!J10+'Consolidated KPI'!J14,IF($B$3="Taival",'Consolidated KPI'!J2,IF($B$3="Colossus",'Consolidated KPI'!J6,IF($B$3="Putania's Purgatory",'Consolidated KPI'!J10,IF($B$3="Fleet Breakers",'Consolidated KPI'!J14,""))))) -> 1037 | C18: =IF($B$3="All Games",'Consolidated KPI'!J2,"") -> 3 | D18: =IF($B$3="All Games",'Consolidated KPI'!J6,"") -> 89 | E18: =IF($B$3="All Games",'Consolidated KPI'!J10,"") -> 959 | F18: =IF($B$3="All Games",'Consolidated KPI'!J14,"") -> -14
A19: ='Consolidated KPI'!K1 -> 46089 | B19: =IF($B$3="All Games",'Consolidated KPI'!K2+'Consolidated KPI'!K6+'Consolidated KPI'!K10+'Consolidated KPI'!K14,IF($B$3="Taival",'Consolidated KPI'!K2,IF($B$3="Colossus",'Consolidated KPI'!K6,IF($B$3="Putania's Purgatory",'Consolidated KPI'!K10,IF($B$3="Fleet Breakers",'Consolidated KPI'!K14,""))))) -> 118 | C19: =IF($B$3="All Games",'Consolidated KPI'!K2,"") -> 7 | D19: =IF($B$3="All Games",'Consolidated KPI'!K6,"") -> 69 | E19: =IF($B$3="All Games",'Consolidated KPI'!K10,"") -> 37 | F19: =IF($B$3="All Games",'Consolidated KPI'!K14,"") -> 5
A20: ='Consolidated KPI'!L1 -> 46096 | B20: =IF($B$3="All Games",'Consolidated KPI'!L2+'Consolidated KPI'!L6+'Consolidated KPI'!L10+'Consolidated KPI'!L14,IF($B$3="Taival",'Consolidated KPI'!L2,IF($B$3="Colossus",'Consolidated KPI'!L6,IF($B$3="Putania's Purgatory",'Consolidated KPI'!L10,IF($B$3="Fleet Breakers",'Consolidated KPI'!L14,""))))) -> 131 | C20: =IF($B$3="All Games",'Consolidated KPI'!L2,"") -> 11 | D20: =IF($B$3="All Games",'Consolidated KPI'!L6,"") -> 95 | E20: =IF($B$3="All Games",'Consolidated KPI'!L10,"") -> 24 | F20: =IF($B$3="All Games",'Consolidated KPI'!L14,"") -> 1
A21: ='Consolidated KPI'!M1 -> 46103 | B21: =IF($B$3="All Games",'Consolidated KPI'!M2+'Consolidated KPI'!M6+'Consolidated KPI'!M10+'Consolidated KPI'!M14,IF($B$3="Taival",'Consolidated KPI'!M2,IF($B$3="Colossus",'Consolidated KPI'!M6,IF($B$3="Putania's Purgatory",'Consolidated KPI'!M10,IF($B$3="Fleet Breakers",'Consolidated KPI'!M14,""))))) -> 246 | C21: =IF($B$3="All Games",'Consolidated KPI'!M2,"") -> 22 | D21: =IF($B$3="All Games",'Consolidated KPI'!M6,"") -> 218 | E21: =IF($B$3="All Games",'Consolidated KPI'!M10,"") -> 11 | F21: =IF($B$3="All Games",'Consolidated KPI'!M14,"") -> -5
A22: ='Consolidated KPI'!N1 -> 46110 | B22: =IF($B$3="All Games",'Consolidated KPI'!N2+'Consolidated KPI'!N6+'Consolidated KPI'!N10+'Consolidated KPI'!N14,IF($B$3="Taival",'Consolidated KPI'!N2,IF($B$3="Colossus",'Consolidated KPI'!N6,IF($B$3="Putania's Purgatory",'Consolidated KPI'!N10,IF($B$3="Fleet Breakers",'Consolidated KPI'!N14,""))))) -> 148 | C22: =IF($B$3="All Games",'Consolidated KPI'!N2,"") -> 27 | D22: =IF($B$3="All Games",'Consolidated KPI'!N6,"") -> 106 | E22: =IF($B$3="All Games",'Consolidated KPI'!N10,"") -> 17 | F22: =IF($B$3="All Games",'Consolidated KPI'!N14,"") -> -2
A23: ='Consolidated KPI'!O1 -> 46117 | B23: =IF($B$3="All Games",'Consolidated KPI'!O2+'Consolidated KPI'!O6+'Consolidated KPI'!O10+'Consolidated KPI'!O14,IF($B$3="Taival",'Consolidated KPI'!O2,IF($B$3="Colossus",'Consolidated KPI'!O6,IF($B$3="Putania's Purgatory",'Consolidated KPI'!O10,IF($B$3="Fleet Breakers",'Consolidated KPI'!O14,""))))) -> 381 | C23: =IF($B$3="All Games",'Consolidated KPI'!O2,"") -> 249 | D23: =IF($B$3="All Games",'Consolidated KPI'!O6,"") -> 83 | E23: =IF($B$3="All Games",'Consolidated KPI'!O10,"") -> 41 | F23: =IF($B$3="All Games",'Consolidated KPI'!O14,"") -> 8
A24: ='Consolidated KPI'!P1 -> 46124 | B24: =IF($B$3="All Games",'Consolidated KPI'!P2+'Consolidated KPI'!P6+'Consolidated KPI'!P10+'Consolidated KPI'!P14,IF($B$3="Taival",'Consolidated KPI'!P2,IF($B$3="Colossus",'Consolidated KPI'!P6,IF($B$3="Putania's Purgatory",'Consolidated KPI'!P10,IF($B$3="Fleet Breakers",'Consolidated KPI'!P14,""))))) -> 498 | C24: =IF($B$3="All Games",'Consolidated KPI'!P2,"") -> 363 | D24: =IF($B$3="All Games",'Consolidated KPI'!P6,"") -> 92 | E24: =IF($B$3="All Games",'Consolidated KPI'!P10,"") -> 35 | F24: =IF($B$3="All Games",'Consolidated KPI'!P14,"") -> 8
A25: ='Consolidated KPI'!Q1 -> 46131 | B25: =IF($B$3="All Games",'Consolidated KPI'!Q2+'Consolidated KPI'!Q6+'Consolidated KPI'!Q10+'Consolidated KPI'!Q14,IF($B$3="Taival",'Consolidated KPI'!Q2,IF($B$3="Colossus",'Consolidated KPI'!Q6,IF($B$3="Putania's Purgatory",'Consolidated KPI'!Q10,IF($B$3="Fleet Breakers",'Consolidated KPI'!Q14,""))))) -> 987 | C25: =IF($B$3="All Games",'Consolidated KPI'!Q2,"") -> 668 | D25: =IF($B$3="All Games",'Consolidated KPI'!Q6,"") -> 295 | E25: =IF($B$3="All Games",'Consolidated KPI'!Q10,"") -> 28 | F25: =IF($B$3="All Games",'Consolidated KPI'!Q14,"") -> -4
A30: 📊 Weekly Impressions
A31: Week | B31: =IF($B$3="All Games","All Games",$B$3) -> All Games | C31: =IF($B$3="All Games","Taival","") -> Taival | D31: =IF($B$3="All Games","Colossus","") -> Colossus | E31: =IF($B$3="All Games","Putania's Purgatory","") -> Putania's Purgatory | F31: =IF($B$3="All Games","Fleet Breakers","") -> Fleet Breakers
A32: ='Consolidated KPI'!B1 -> 46026 | B32: =IF($B$3="All Games",'Consolidated KPI'!B3+'Consolidated KPI'!B7+'Consolidated KPI'!B11+'Consolidated KPI'!B15,IF($B$3="Taival",'Consolidated KPI'!B3,IF($B$3="Colossus",'Consolidated KPI'!B7,IF($B$3="Putania's Purgatory",'Consolidated KPI'!B11,IF($B$3="Fleet Breakers",'Consolidated KPI'!B15,""))))) -> 15037 | C32: =IF($B$3="All Games",'Consolidated KPI'!B3,"") -> 5095 | D32: =IF($B$3="All Games",'Consolidated KPI'!B7,"") -> 1568 | E32: =IF($B$3="All Games",'Consolidated KPI'!B11,"") -> 3279 | F32: =IF($B$3="All Games",'Consolidated KPI'!B15,"") -> 5095
A33: ='Consolidated KPI'!C1 -> 46033 | B33: =IF($B$3="All Games",'Consolidated KPI'!C3+'Consolidated KPI'!C7+'Consolidated KPI'!C11+'Consolidated KPI'!C15,IF($B$3="Taival",'Consolidated KPI'!C3,IF($B$3="Colossus",'Consolidated KPI'!C7,IF($B$3="Putania's Purgatory",'Consolidated KPI'!C11,IF($B$3="Fleet Breakers",'Consolidated KPI'!C15,""))))) -> 19377 | C33: =IF($B$3="All Games",'Consolidated KPI'!C3,"") -> 6399 | D33: =IF($B$3="All Games",'Consolidated KPI'!C7,"") -> 1879 | E33: =IF($B$3="All Games",'Consolidated KPI'!C11,"") -> 4700 | F33: =IF($B$3="All Games",'Consolidated KPI'!C15,"") -> 6399
A34: ='Consolidated KPI'!D1 -> 46040 | B34: =IF($B$3="All Games",'Consolidated KPI'!D3+'Consolidated KPI'!D7+'Consolidated KPI'!D11+'Consolidated KPI'!D15,IF($B$3="Taival",'Consolidated KPI'!D3,IF($B$3="Colossus",'Consolidated KPI'!D7,IF($B$3="Putania's Purgatory",'Consolidated KPI'!D11,IF($B$3="Fleet Breakers",'Consolidated KPI'!D15,""))))) -> 16576 | C34: =IF($B$3="All Games",'Consolidated KPI'!D3,"") -> 5490 | D34: =IF($B$3="All Games",'Consolidated KPI'!D7,"") -> 2210 | E34: =IF($B$3="All Games",'Consolidated KPI'!D11,"") -> 3386 | F34: =IF($B$3="All Games",'Consolidated KPI'!D15,"") -> 5490
A35: ='Consolidated KPI'!E1 -> 46047 | B35: =IF($B$3="All Games",'Consolidated KPI'!E3+'Consolidated KPI'!E7+'Consolidated KPI'!E11+'Consolidated KPI'!E15,IF($B$3="Taival",'Consolidated KPI'!E3,IF($B$3="Colossus",'Consolidated KPI'!E7,IF($B$3="Putania's Purgatory",'Consolidated KPI'!E11,IF($B$3="Fleet Breakers",'Consolidated KPI'!E15,""))))) -> 15842 | C35: =IF($B$3="All Games",'Consolidated KPI'!E3,"") -> 5392 | D35: =IF($B$3="All Games",'Consolidated KPI'!E7,"") -> 2066 | E35: =IF($B$3="All Games",'Consolidated KPI'!E11,"") -> 2992 | F35: =IF($B$3="All Games",'Consolidated KPI'!E15,"") -> 5392
A36: ='Consolidated KPI'!F1 -> 46054 | B36: =IF($B$3="All Games",'Consolidated KPI'!F3+'Consolidated KPI'!F7+'Consolidated KPI'!F11+'Consolidated KPI'!F15,IF($B$3="Taival",'Consolidated KPI'!F3,IF($B$3="Colossus",'Consolidated KPI'!F7,IF($B$3="Putania's Purgatory",'Consolidated KPI'!F11,IF($B$3="Fleet Breakers",'Consolidated KPI'!F15,""))))) -> 16719 | C36: =IF($B$3="All Games",'Consolidated KPI'!F3,"") -> 5225 | D36: =IF($B$3="All Games",'Consolidated KPI'!F7,"") -> 3259 | E36: =IF($B$3="All Games",'Consolidated KPI'!F11,"") -> 3010 | F36: =IF($B$3="All Games",'Consolidated KPI'!F15,"") -> 5225
A37: ='Consolidated KPI'!G1 -> 46061 | B37: =IF($B$3="All Games",'Consolidated KPI'!G3+'Consolidated KPI'!G7+'Consolidated KPI'!G11+'Consolidated KPI'!G15,IF($B$3="Taival",'Consolidated KPI'!G3,IF($B$3="Colossus",'Consolidated KPI'!G7,IF($B$3="Putania's Purgatory",'Consolidated KPI'!G11,IF($B$3="Fleet Breakers",'Consolidated KPI'!G15,""))))) -> 15210 | C37: =IF($B$3="All Games",'Consolidated KPI'!G3,"") -> 4806 | D37: =IF($B$3="All Games",'Consolidated KPI'!G7,"") -> 2320 | E37: =IF($B$3="All Games",'Consolidated KPI'!G11,"") -> 3278 | F37: =IF($B$3="All Games",'Consolidated KPI'!G15,"") -> 4806
A38: ='Consolidated KPI'!H1 -> 46068 | B38: =IF($B$3="All Games",'Consolidated KPI'!H3+'Consolidated KPI'!H7+'Consolidated KPI'!H11+'Consolidated KPI'!H15,IF($B$3="Taival",'Consolidated KPI'!H3,IF($B$3="Colossus",'Consolidated KPI'!H7,IF($B$3="Putania's Purgatory",'Consolidated KPI'!H11,IF($B$3="Fleet Breakers",'Consolidated KPI'!H15,""))))) -> 15068 | C38: =IF($B$3="All Games",'Consolidated KPI'!H3,"") -> 4560 | D38: =IF($B$3="All Games",'Consolidated KPI'!H7,"") -> 2324 | E38: =IF($B$3="All Games",'Consolidated KPI'!H11,"") -> 3624 | F38: =IF($B$3="All Games",'Consolidated KPI'!H15,"") -> 4560
A39: ='Consolidated KPI'!I1 -> 46075 | B39: =IF($B$3="All Games",'Consolidated KPI'!I3+'Consolidated KPI'!I7+'Consolidated KPI'!I11+'Consolidated KPI'!I15,IF($B$3="Taival",'Consolidated KPI'!I3,IF($B$3="Colossus",'Consolidated KPI'!I7,IF($B$3="Putania's Purgatory",'Consolidated KPI'!I11,IF($B$3="Fleet Breakers",'Consolidated KPI'!I15,""))))) -> 14616 | C39: =IF($B$3="All Games",'Consolidated KPI'!I3,"") -> 4282 | D39: =IF($B$3="All Games",'Consolidated KPI'!I7,"") -> 2304 | E39: =IF($B$3="All Games",'Consolidated KPI'!I11,"") -> 3748 | F39: =IF($B$3="All Games",'Consolidated KPI'!I15,"") -> 4282
A40: ='Consolidated KPI'!J1 -> 46082 | B40: =IF($B$3="All Games",'Consolidated KPI'!J3+'Consolidated KPI'!J7+'Consolidated KPI'!J11+'Consolidated KPI'!J15,IF($B$3="Taival",'Consolidated KPI'!J3,IF($B$3="Colossus",'Consolidated KPI'!J7,IF($B$3="Putania's Purgatory",'Consolidated KPI'!J11,IF($B$3="Fleet Breakers",'Consolidated KPI'!J15,""))))) -> 165282 | C40: =IF($B$3="All Games",'Consolidated KPI'!J3,"") -> 5673 | D40: =IF($B$3="All Games",'Consolidated KPI'!J7,"") -> 2222 | E40: =IF($B$3="All Games",'Consolidated KPI'!J11,"") -> 153264 | F40: =IF($B$3="All Games",'Consolidated KPI'!J15,"") -> 4123
A41: ='Consolidated KPI'!K1 -> 46089 | B41: =IF($B$3="All Games",'Consolidated KPI'!K3+'Consolidated KPI'!K7+'Consolidated KPI'!K11+'Consolidated KPI'!K15,IF($B$3="Taival",'Consolidated KPI'!K3,IF($B$3="Colossus",'Consolidated KPI'!K7,IF($B$3="Putania's Purgatory",'Consolidated KPI'!K11,IF($B$3="Fleet Breakers",'Consolidated KPI'!K15,""))))) -> 26326 | C41: =IF($B$3="All Games",'Consolidated KPI'!K3,"") -> 3043 | D41: =IF($B$3="All Games",'Consolidated KPI'!K7,"") -> 1967 | E41: =IF($B$3="All Games",'Consolidated KPI'!K11,"") -> 16940 | F41: =IF($B$3="All Games",'Consolidated KPI'!K15,"") -> 4376
A42: ='Consolidated KPI'!L1 -> 46096 | B42: =IF($B$3="All Games",'Consolidated KPI'!L3+'Consolidated KPI'!L7+'Consolidated KPI'!L11+'Consolidated KPI'!L15,IF($B$3="Taival",'Consolidated KPI'!L3,IF($B$3="Colossus",'Consolidated KPI'!L7,IF($B$3="Putania's Purgatory",'Consolidated KPI'!L11,IF($B$3="Fleet Breakers",'Consolidated KPI'!L15,""))))) -> 16858 | C42: =IF($B$3="All Games",'Consolidated KPI'!L3,"") -> 3184 | D42: =IF($B$3="All Games",'Consolidated KPI'!L7,"") -> 4553 | E42: =IF($B$3="All Games",'Consolidated KPI'!L11,"") -> 5171 | F42: =IF($B$3="All Games",'Consolidated KPI'!L15,"") -> 3950
A43: ='Consolidated KPI'!M1 -> 46103 | B43: =IF($B$3="All Games",'Consolidated KPI'!M3+'Consolidated KPI'!M7+'Consolidated KPI'!M11+'Consolidated KPI'!M15,IF($B$3="Taival",'Consolidated KPI'!M3,IF($B$3="Colossus",'Consolidated KPI'!M7,IF($B$3="Putania's Purgatory",'Consolidated KPI'!M11,IF($B$3="Fleet Breakers",'Consolidated KPI'!M15,""))))) -> 19301 | C43: =IF($B$3="All Games",'Consolidated KPI'!M3,"") -> 3803 | D43: =IF($B$3="All Games",'Consolidated KPI'!M7,"") -> 6425 | E43: =IF($B$3="All Games",'Consolidated KPI'!M11,"") -> 3906 | F43: =IF($B$3="All Games",'Consolidated KPI'!M15,"") -> 5167
A44: ='Consolidated KPI'!N1 -> 46110 | B44: =IF($B$3="All Games",'Consolidated KPI'!N3+'Consolidated KPI'!N7+'Consolidated KPI'!N11+'Consolidated KPI'!N15,IF($B$3="Taival",'Consolidated KPI'!N3,IF($B$3="Colossus",'Consolidated KPI'!N7,IF($B$3="Putania's Purgatory",'Consolidated KPI'!N11,IF($B$3="Fleet Breakers",'Consolidated KPI'!N15,""))))) -> 16428 | C44: =IF($B$3="All Games",'Consolidated KPI'!N3,"") -> 3196 | D44: =IF($B$3="All Games",'Consolidated KPI'!N7,"") -> 5374 | E44: =IF($B$3="All Games",'Consolidated KPI'!N11,"") -> 3455 | F44: =IF($B$3="All Games",'Consolidated KPI'!N15,"") -> 4403
A45: ='Consolidated KPI'!O1 -> 46117 | B45: =IF($B$3="All Games",'Consolidated KPI'!O3+'Consolidated KPI'!O7+'Consolidated KPI'!O11+'Consolidated KPI'!O15,IF($B$3="Taival",'Consolidated KPI'!O3,IF($B$3="Colossus",'Consolidated KPI'!O7,IF($B$3="Putania's Purgatory",'Consolidated KPI'!O11,IF($B$3="Fleet Breakers",'Consolidated KPI'!O15,""))))) -> 14344 | C45: =IF($B$3="All Games",'Consolidated KPI'!O3,"") -> 3697 | D45: =IF($B$3="All Games",'Consolidated KPI'!O7,"") -> 3631 | E45: =IF($B$3="All Games",'Consolidated KPI'!O11,"") -> 3364 | F45: =IF($B$3="All Games",'Consolidated KPI'!O15,"") -> 3652
A46: ='Consolidated KPI'!P1 -> 46124 | B46: =IF($B$3="All Games",'Consolidated KPI'!P3+'Consolidated KPI'!P7+'Consolidated KPI'!P11+'Consolidated KPI'!P15,IF($B$3="Taival",'Consolidated KPI'!P3,IF($B$3="Colossus",'Consolidated KPI'!P7,IF($B$3="Putania's Purgatory",'Consolidated KPI'!P11,IF($B$3="Fleet Breakers",'Consolidated KPI'!P15,""))))) -> 15511 | C46: =IF($B$3="All Games",'Consolidated KPI'!P3,"") -> 4970 | D46: =IF($B$3="All Games",'Consolidated KPI'!P7,"") -> 3253 | E46: =IF($B$3="All Games",'Consolidated KPI'!P11,"") -> 3463 | F46: =IF($B$3="All Games",'Consolidated KPI'!P15,"") -> 3825
A47: ='Consolidated KPI'!Q1 -> 46131 | B47: =IF($B$3="All Games",'Consolidated KPI'!Q3+'Consolidated KPI'!Q7+'Consolidated KPI'!Q11+'Consolidated KPI'!Q15,IF($B$3="Taival",'Consolidated KPI'!Q3,IF($B$3="Colossus",'Consolidated KPI'!Q7,IF($B$3="Putania's Purgatory",'Consolidated KPI'!Q11,IF($B$3="Fleet Breakers",'Consolidated KPI'!Q15,""))))) -> 36934 | C47: =IF($B$3="All Games",'Consolidated KPI'!Q3,"") -> 14388 | D47: =IF($B$3="All Games",'Consolidated KPI'!Q7,"") -> 14258 | E47: =IF($B$3="All Games",'Consolidated KPI'!Q11,"") -> 2997 | F47: =IF($B$3="All Games",'Consolidated KPI'!Q15,"") -> 5291
A52: 📊 Weekly Visits
A53: Week | B53: =IF($B$3="All Games","All Games",$B$3) -> All Games | C53: =IF($B$3="All Games","Taival","") -> Taival | D53: =IF($B$3="All Games","Colossus","") -> Colossus | E53: =IF($B$3="All Games","Putania's Purgatory","") -> Putania's Purgatory | F53: =IF($B$3="All Games","Fleet Breakers","") -> Fleet Breakers
A54: ='Consolidated KPI'!B1 -> 46026 | B54: =IF($B$3="All Games",'Consolidated KPI'!B4+'Consolidated KPI'!B8+'Consolidated KPI'!B12+'Consolidated KPI'!B16,IF($B$3="Taival",'Consolidated KPI'!B4,IF($B$3="Colossus",'Consolidated KPI'!B8,IF($B$3="Putania's Purgatory",'Consolidated KPI'!B12,IF($B$3="Fleet Breakers",'Consolidated KPI'!B16,""))))) -> 4151 | C54: =IF($B$3="All Games",'Consolidated KPI'!B4,"") -> 1107 | D54: =IF($B$3="All Games",'Consolidated KPI'!B8,"") -> 424 | E54: =IF($B$3="All Games",'Consolidated KPI'!B12,"") -> 1513 | F54: =IF($B$3="All Games",'Consolidated KPI'!B16,"") -> 1107
A55: ='Consolidated KPI'!C1 -> 46033 | B55: =IF($B$3="All Games",'Consolidated KPI'!C4+'Consolidated KPI'!C8+'Consolidated KPI'!C12+'Consolidated KPI'!C16,IF($B$3="Taival",'Consolidated KPI'!C4,IF($B$3="Colossus",'Consolidated KPI'!C8,IF($B$3="Putania's Purgatory",'Consolidated KPI'!C12,IF($B$3="Fleet Breakers",'Consolidated KPI'!C16,""))))) -> 5613 | C55: =IF($B$3="All Games",'Consolidated KPI'!C4,"") -> 2049 | D55: =IF($B$3="All Games",'Consolidated KPI'!C8,"") -> 682 | E55: =IF($B$3="All Games",'Consolidated KPI'!C12,"") -> 833 | F55: =IF($B$3="All Games",'Consolidated KPI'!C16,"") -> 2049
A56: ='Consolidated KPI'!D1 -> 46040 | B56: =IF($B$3="All Games",'Consolidated KPI'!D4+'Consolidated KPI'!D8+'Consolidated KPI'!D12+'Consolidated KPI'!D16,IF($B$3="Taival",'Consolidated KPI'!D4,IF($B$3="Colossus",'Consolidated KPI'!D8,IF($B$3="Putania's Purgatory",'Consolidated KPI'!D12,IF($B$3="Fleet Breakers",'Consolidated KPI'!D16,""))))) -> 4648 | C56: =IF($B$3="All Games",'Consolidated KPI'!D4,"") -> 1631 | D56: =IF($B$3="All Games",'Consolidated KPI'!D8,"") -> 591 | E56: =IF($B$3="All Games",'Consolidated KPI'!D12,"") -> 795 | F56: =IF($B$3="All Games",'Consolidated KPI'!D16,"") -> 1631
A57: ='Consolidated KPI'!E1 -> 46047 | B57: =IF($B$3="All Games",'Consolidated KPI'!E4+'Consolidated KPI'!E8+'Consolidated KPI'!E12+'Consolidated KPI'!E16,IF($B$3="Taival",'Consolidated KPI'!E4,IF($B$3="Colossus",'Consolidated KPI'!E8,IF($B$3="Putania's Purgatory",'Consolidated KPI'!E12,IF($B$3="Fleet Breakers",'Consolidated KPI'!E16,""))))) -> 3233 | C57: =IF($B$3="All Games",'Consolidated KPI'!E4,"") -> 889 | D57: =IF($B$3="All Games",'Consolidated KPI'!E8,"") -> 765 | E57: =IF($B$3="All Games",'Consolidated KPI'!E12,"") -> 690 | F57: =IF($B$3="All Games",'Consolidated KPI'!E16,"") -> 889
A58: ='Consolidated KPI'!F1 -> 46054 | B58: =IF($B$3="All Games",'Consolidated KPI'!F4+'Consolidated KPI'!F8+'Consolidated KPI'!F12+'Consolidated KPI'!F16,IF($B$3="Taival",'Consolidated KPI'!F4,IF($B$3="Colossus",'Consolidated KPI'!F8,IF($B$3="Putania's Purgatory",'Consolidated KPI'!F12,IF($B$3="Fleet Breakers",'Consolidated KPI'!F16,""))))) -> 3515 | C58: =IF($B$3="All Games",'Consolidated KPI'!F4,"") -> 726 | D58: =IF($B$3="All Games",'Consolidated KPI'!F8,"") -> 1007 | E58: =IF($B$3="All Games",'Consolidated KPI'!F12,"") -> 1056 | F58: =IF($B$3="All Games",'Consolidated KPI'!F16,"") -> 726
A59: ='Consolidated KPI'!G1 -> 46061 | B59: =IF($B$3="All Games",'Consolidated KPI'!G4+'Consolidated KPI'!G8+'Consolidated KPI'!G12+'Consolidated KPI'!G16,IF($B$3="Taival",'Consolidated KPI'!G4,IF($B$3="Colossus",'Consolidated KPI'!G8,IF($B$3="Putania's Purgatory",'Consolidated KPI'!G12,IF($B$3="Fleet Breakers",'Consolidated KPI'!G16,""))))) -> 3093 | C59: =IF($B$3="All Games",'Consolidated KPI'!G4,"") -> 705 | D59: =IF($B$3="All Games",'Consolidated KPI'!G8,"") -> 798 | E59: =IF($B$3="All Games",'Consolidated KPI'!G12,"") -> 885 | F59: =IF($B$3="All Games",'Consolidated KPI'!G16,"") -> 705
A60: ='Consolidated KPI'!H1 -> 46068 | B60: =IF($B$3="All Games",'Consolidated KPI'!H4+'Consolidated KPI'!H8+'Consolidated KPI'!H12+'Consolidated KPI'!H16,IF($B$3="Taival",'Consolidated KPI'!H4,IF($B$3="Colossus",'Consolidated KPI'!H8,IF($B$3="Putania's Purgatory",'Consolidated KPI'!H12,IF($B$3="Fleet Breakers",'Consolidated KPI'!H16,""))))) -> 3576 | C60: =IF($B$3="All Games",'Consolidated KPI'!H4,"") -> 769 | D60: =IF($B$3="All Games",'Consolidated KPI'!H8,"") -> 912 | E60: =IF($B$3="All Games",'Consolidated KPI'!H12,"") -> 1126 | F60: =IF($B$3="All Games",'Consolidated KPI'!H16,"") -> 769
A61: ='Consolidated KPI'!I1 -> 46075 | B61: =IF($B$3="All Games",'Consolidated KPI'!I4+'Consolidated KPI'!I8+'Consolidated KPI'!I12+'Consolidated KPI'!I16,IF($B$3="Taival",'Consolidated KPI'!I4,IF($B$3="Colossus",'Consolidated KPI'!I8,IF($B$3="Putania's Purgatory",'Consolidated KPI'!I12,IF($B$3="Fleet Breakers",'Consolidated KPI'!I16,""))))) -> 3146 | C61: =IF($B$3="All Games",'Consolidated KPI'!I4,"") -> 704 | D61: =IF($B$3="All Games",'Consolidated KPI'!I8,"") -> 832 | E61: =IF($B$3="All Games",'Consolidated KPI'!I12,"") -> 906 | F61: =IF($B$3="All Games",'Consolidated KPI'!I16,"") -> 704
A62: ='Consolidated KPI'!J1 -> 46082 | B62: =IF($B$3="All Games",'Consolidated KPI'!J4+'Consolidated KPI'!J8+'Consolidated KPI'!J12+'Consolidated KPI'!J16,IF($B$3="Taival",'Consolidated KPI'!J4,IF($B$3="Colossus",'Consolidated KPI'!J8,IF($B$3="Putania's Purgatory",'Consolidated KPI'!J12,IF($B$3="Fleet Breakers",'Consolidated KPI'!J16,""))))) -> 8015 | C62: =IF($B$3="All Games",'Consolidated KPI'!J4,"") -> 906 | D62: =IF($B$3="All Games",'Consolidated KPI'!J8,"") -> 959 | E62: =IF($B$3="All Games",'Consolidated KPI'!J12,"") -> 5244 | F62: =IF($B$3="All Games",'Consolidated KPI'!J16,"") -> 906
A63: ='Consolidated KPI'!K1 -> 46089 | B63: =IF($B$3="All Games",'Consolidated KPI'!K4+'Consolidated KPI'!K8+'Consolidated KPI'!K12+'Consolidated KPI'!K16,IF($B$3="Taival",'Consolidated KPI'!K4,IF($B$3="Colossus",'Consolidated KPI'!K8,IF($B$3="Putania's Purgatory",'Consolidated KPI'!K12,IF($B$3="Fleet Breakers",'Consolidated KPI'!K16,""))))) -> 3902 | C63: =IF($B$3="All Games",'Consolidated KPI'!K4,"") -> 680 | D63: =IF($B$3="All Games",'Consolidated KPI'!K8,"") -> 806 | E63: =IF($B$3="All Games",'Consolidated KPI'!K12,"") -> 1617 | F63: =IF($B$3="All Games",'Consolidated KPI'!K16,"") -> 799
A64: ='Consolidated KPI'!L1 -> 46096 | B64: =IF($B$3="All Games",'Consolidated KPI'!L4+'Consolidated KPI'!L8+'Consolidated KPI'!L12+'Consolidated KPI'!L16,IF($B$3="Taival",'Consolidated KPI'!L4,IF($B$3="Colossus",'Consolidated KPI'!L8,IF($B$3="Putania's Purgatory",'Consolidated KPI'!L12,IF($B$3="Fleet Breakers",'Consolidated KPI'!L16,""))))) -> 3183 | C64: =IF($B$3="All Games",'Consolidated KPI'!L4,"") -> 507 | D64: =IF($B$3="All Games",'Consolidated KPI'!L8,"") -> 963 | E64: =IF($B$3="All Games",'Consolidated KPI'!L12,"") -> 1051 | F64: =IF($B$3="All Games",'Consolidated KPI'!L16,"") -> 662
A65: ='Consolidated KPI'!M1 -> 46103 | B65: =IF($B$3="All Games",'Consolidated KPI'!M4+'Consolidated KPI'!M8+'Consolidated KPI'!M12+'Consolidated KPI'!M16,IF($B$3="Taival",'Consolidated KPI'!M4,IF($B$3="Colossus",'Consolidated KPI'!M8,IF($B$3="Putania's Purgatory",'Consolidated KPI'!M12,IF($B$3="Fleet Breakers",'Consolidated KPI'!M16,""))))) -> 3713 | C65: =IF($B$3="All Games",'Consolidated KPI'!M4,"") -> 618 | D65: =IF($B$3="All Games",'Consolidated KPI'!M8,"") -> 1339 | E65: =IF($B$3="All Games",'Consolidated KPI'!M12,"") -> 1005 | F65: =IF($B$3="All Games",'Consolidated KPI'!M16,"") -> 751
A66: ='Consolidated KPI'!N1 -> 46110 | B66: =IF($B$3="All Games",'Consolidated KPI'!N4+'Consolidated KPI'!N8+'Consolidated KPI'!N12+'Consolidated KPI'!N16,IF($B$3="Taival",'Consolidated KPI'!N4,IF($B$3="Colossus",'Consolidated KPI'!N8,IF($B$3="Putania's Purgatory",'Consolidated KPI'!N12,IF($B$3="Fleet Breakers",'Consolidated KPI'!N16,""))))) -> 7245 | C66: =IF($B$3="All Games",'Consolidated KPI'!N4,"") -> 595 | D66: =IF($B$3="All Games",'Consolidated KPI'!N8,"") -> 1046 | E66: =IF($B$3="All Games",'Consolidated KPI'!N12,"") -> 4897 | F66: =IF($B$3="All Games",'Consolidated KPI'!N16,"") -> 707
A67: ='Consolidated KPI'!O1 -> 46117 | B67: =IF($B$3="All Games",'Consolidated KPI'!O4+'Consolidated KPI'!O8+'Consolidated KPI'!O12+'Consolidated KPI'!O16,IF($B$3="Taival",'Consolidated KPI'!O4,IF($B$3="Colossus",'Consolidated KPI'!O8,IF($B$3="Putania's Purgatory",'Consolidated KPI'!O12,IF($B$3="Fleet Breakers",'Consolidated KPI'!O16,""))))) -> 8728 | C67: =IF($B$3="All Games",'Consolidated KPI'!O4,"") -> 1276 | D67: =IF($B$3="All Games",'Consolidated KPI'!O8,"") -> 887 | E67: =IF($B$3="All Games",'Consolidated KPI'!O12,"") -> 5782 | F67: =IF($B$3="All Games",'Consolidated KPI'!O16,"") -> 783
A68: ='Consolidated KPI'!P1 -> 46124 | B68: =IF($B$3="All Games",'Consolidated KPI'!P4+'Consolidated KPI'!P8+'Consolidated KPI'!P12+'Consolidated KPI'!P16,IF($B$3="Taival",'Consolidated KPI'!P4,IF($B$3="Colossus",'Consolidated KPI'!P8,IF($B$3="Putania's Purgatory",'Consolidated KPI'!P12,IF($B$3="Fleet Breakers",'Consolidated KPI'!P16,""))))) -> 11327 | C68: =IF($B$3="All Games",'Consolidated KPI'!P4,"") -> 2020 | D68: =IF($B$3="All Games",'Consolidated KPI'!P8,"") -> 839 | E68: =IF($B$3="All Games",'Consolidated KPI'!P12,"") -> 7678 | F68: =IF($B$3="All Games",'Consolidated KPI'!P16,"") -> 790
A69: ='Consolidated KPI'!Q1 -> 46131 | B69: =IF($B$3="All Games",'Consolidated KPI'!Q4+'Consolidated KPI'!Q8+'Consolidated KPI'!Q12+'Consolidated KPI'!Q16,IF($B$3="Taival",'Consolidated KPI'!Q4,IF($B$3="Colossus",'Consolidated KPI'!Q8,IF($B$3="Putania's Purgatory",'Consolidated KPI'!Q12,IF($B$3="Fleet Breakers",'Consolidated KPI'!Q16,""))))) -> 9608 | C69: =IF($B$3="All Games",'Consolidated KPI'!Q4,"") -> 2147 | D69: =IF($B$3="All Games",'Consolidated KPI'!Q8,"") -> 1232 | E69: =IF($B$3="All Games",'Consolidated KPI'!Q12,"") -> 5615 | F69: =IF($B$3="All Games",'Consolidated KPI'!Q16,"") -> 614

Sheet Validation
A1: Check | B1: Pass | C1: Detail
A2: sheet exists: Consolidated KPI | B2: PASS | C2: found sheets: Consolidated KPI, KPI by Quarter, Taival_WL, Colossus - Eternal Blight_WL, Petunia's Purgatory_WL, Fleetbreakers_WL, Dashboard
A3: sheet exists: KPI by Quarter | B3: PASS | C3: found sheets: Consolidated KPI, KPI by Quarter, Taival_WL, Colossus - Eternal Blight_WL, Petunia's Purgatory_WL, Fleetbreakers_WL, Dashboard
A4: sheet exists: Taival_WL | B4: PASS | C4: found sheets: Consolidated KPI, KPI by Quarter, Taival_WL, Colossus - Eternal Blight_WL, Petunia's Purgatory_WL, Fleetbreakers_WL, Dashboard
A5: sheet exists: Colossus - Eternal Blight_WL | B5: PASS | C5: found sheets: Consolidated KPI, KPI by Quarter, Taival_WL, Colossus - Eternal Blight_WL, Petunia's Purgatory_WL, Fleetbreakers_WL, Dashboard
A6: sheet exists: Petunia's Purgatory_WL | B6: PASS | C6: found sheets: Consolidated KPI, KPI by Quarter, Taival_WL, Colossus - Eternal Blight_WL, Petunia's Purgatory_WL, Fleetbreakers_WL, Dashboard
A7: sheet exists: Fleetbreakers_WL | B7: PASS | C7: found sheets: Consolidated KPI, KPI by Quarter, Taival_WL, Colossus - Eternal Blight_WL, Petunia's Purgatory_WL, Fleetbreakers_WL, Dashboard
A8: sheet exists: Dashboard | B8: PASS | C8: found sheets: Consolidated KPI, KPI by Quarter, Taival_WL, Colossus - Eternal Blight_WL, Petunia's Purgatory_WL, Fleetbreakers_WL, Dashboard
A9: WL header A1/C1: Taival_WL | B9: PASS | C9: A1="DateLocal" C1="Adds"
A10: WL game label B2: Taival_WL | B10: PASS | C10: expected "Taival", got "Taival"
A11: WL header A1/C1: Colossus - Eternal Blight_WL | B11: PASS | C11: A1="DateLocal" C1="Adds"
A12: WL game label B2: Colossus - Eternal Blight_WL | B12: PASS | C12: expected "Colossus - Eternal Blight", got "Colossus - Eternal Blight"
... A48: KPI metric labels for fleet Q4 | B48: PASS | C48: got ["Wishlists","Impressions","Visits"]

Sheet Noor_WL
A1: DateLocal | B1: Game | C1: Adds | D1: Deletes | E1: Purchases And Activations | F1: Gifts | G1: Net Wishlist | H1: Weekly Net | I1: Monthly Net
A2: 2026-04-01 | B2: Noor | C2: 13
A3: 2026-04-02 | B3: Noor | C3: 10 | D3: 3
A4: 2026-04-03 | B4: Noor | C4: 1 | D4: 2
A5: 2026-04-04 | B5: Noor | C5: 7
A6: 2026-04-05 | B6: Noor | C6: 5 | D6: 1 | E6: 1
A7: 2026-04-06 | B7: Noor | C7: 5 | D7: 1
A8: 2026-04-07 | B8: Noor | C8: 11 | D8: 3
A9: 2026-04-08 | B9: Noor | C9: 4 | D9: 2
A10: 2026-04-09 | B10: Noor | C10: 9 | D10: 1
A11: 2026-04-10 | B11: Noor | C11: 11
A12: 2026-04-11 | B12: Noor | C12: 14
A13: 2026-04-12 | B13: Noor | C13: 9 | D13: 3
A14: 2026-04-13 | B14: Noor | C14: 2
A15: 2026-04-14 | B15: Noor | C15: 7 | D15: 2
A16: 2026-04-15 | B16: Noor | C16: 9
A17: 2026-04-16 | B17: Noor | C17: 5 | D17: 3
A18: 2026-04-17 | B18: Noor | C18: 11 | D18: 1
A19: 2026-04-18 | B19: Noor | C19: 15 | D19: 1
A20: 2026-04-19 | B20: Noor | C20: 13 | D20: 3
A21: 2026-04-20 | B21: Noor | C21: 11
A22: 2026-04-21 | B22: Noor | C22: 4
A23: 2026-04-22 | B23: Noor | C23: 13 | D23: 2
A24: 2026-04-23 | B24: Noor | C24: 7 | D24: 3
A25: 2026-04-24 | B25: Noor | C25: 6 | D25: 1
A26: 2026-04-25 | B26: Noor | C26: 3 | D26: 2
A27: 2026-04-26 | B27: Noor | C27: 1 | D27: 3
A28: 2026-04-27 | B28: Noor | C28: 6
A29: 2026-04-28 | B29: Noor | C29: 14 | D29: 1
A30: 2026-04-29 | B30: Noor | C30: 9
A31: 2026-04-30 | B31: Noor | C31: 9 | D31: 1

Sheet Pull Log
A1: Timestamp | B1: Mode | C1: Range | D1: Seed | E1: Writes | F1: Skips | G1: Blocks | H1: Output File | I1: Input SHA256 | J1: Output SHA256
A2: 2026-05-07T09:43:41.238Z | B2: dry-run | C2: previous-month (2026-04) | D2: tracker-dry-run-v1 | E2: 333 | F2: 590 | G2: 0 | H2: Steamworks_Tracker_DRY_RUN_2026-05-07.xlsx | I2: a6e4808b986025ff65d429c2daed1425929429c5ca311c195a82b4fe32970bf9 | J2: (self)
